,広告名,メインウェブサイト名,キャンペーン,広告タイプ,バナーサイズ,アフィリエイト報酬,インプレッション,CTR,CVR,7日間のクリック,過去7日間の報酬,獲得報酬,リンクテキスト,テキストリンクコード,バナーコード,短縮リンク,登録日
1,ニコチン・タール0の大人気VAPE！Parfum（パルファン）200x200_02,電子タバコのParfum,電子タバコ,広告,200x200,"¥5,000",0,743%,2%,0,0,0,愛用者続出の新型VAPE「香りを味わう新しいリフレッシュ」Parfum,<a href = 'https://mttag.com/s/faeIlj3NifM' rel='nofollow'><strong>愛用者続出の新型VAPE「香りを味わう新しいリフレッシュ」Parfum</strong></a><img src = 'https://mttag.com/banner/faeIlj3NifM' width = '1' height = '1' border = '0' />,<a href='https://mttag.com/s/faeIlj3NifM' rel='nofollow'><img src = 'https://mttag.com/banner/faeIlj3NifM' alt = '新型電子タバコParfum（パルファン）' width = '200' height = '200' border = '0' /></a>,https://mttag.com/s/faeIlj3NifM,2021-12-28 07:49:26.094000
2,ニコチン・タール0の大人気VAPE！Parfum（パルファン）200x200_01,電子タバコのParfum,電子タバコ,広告,200x200,"¥5,000",0,0%,0%,0,0,0,愛用者続出の新型VAPE「香りを味わう新しいリフレッシュ」Parfum,<a href = 'https://mttag.com/s/hB2Kfzo2rZs' rel='nofollow'><strong>愛用者続出の新型VAPE「香りを味わう新しいリフレッシュ」Parfum</strong></a><img src = 'https://mttag.com/banner/hB2Kfzo2rZs' width = '1' height = '1' border = '0' />,<a href='https://mttag.com/s/hB2Kfzo2rZs' rel='nofollow'><img src = 'https://mttag.com/banner/hB2Kfzo2rZs' alt = '新型電子タバコParfum（パルファン）' width = '200' height = '200' border = '0' /></a>,https://mttag.com/s/hB2Kfzo2rZs,2021-12-28 07:48:32.076000
8,ニコチン・タール0でタバコに代わる先進的なリフレッシュ方法Parfum（パルファン）250x250_02,電子タバコのParfum,電子タバコ,広告,250x250,"¥5,000",0,0%,0%,0,0,0,ニコチン・タール0の大人気VAPE！Parfum（パルファン）,<a href = 'https://mttag.com/s/dTcE0wdg1QU' rel='nofollow'><strong>ニコチン・タール0の大人気VAPE！Parfum（パルファン）</strong></a><img src = 'https://mttag.com/banner/dTcE0wdg1QU' width = '1' height = '1' border = '0' />,<a href='https://mttag.com/s/dTcE0wdg1QU' rel='nofollow'><img src = 'https://mttag.com/banner/dTcE0wdg1QU' alt = 'オシャレで健康的な新しいリラックスツールParfum（パルファン）' width = '250' height = '250' border = '0' /></a>,https://mttag.com/s/dTcE0wdg1QU,2021-12-28 06:25:58.525000
9,ニコチン・タール0でタバコに代わる先進的なリフレッシュ方法Parfum（パルファン）250x250_01,電子タバコのParfum,電子タバコ,広告,250x250,"¥5,000",0,0%,0%,0,0,0,ニコチン・タール0の大人気VAPE！Parfum（パルファン）,<a href = 'https://mttag.com/s/HKr0rT0-ayQ' rel='nofollow'><strong>ニコチン・タール0の大人気VAPE！Parfum（パルファン）</strong></a><img src = 'https://mttag.com/banner/HKr0rT0-ayQ' width = '1' height = '1' border = '0' />,<a href='https://mttag.com/s/HKr0rT0-ayQ' rel='nofollow'><img src = 'https://mttag.com/banner/HKr0rT0-ayQ' alt = 'オシャレで健康的な新しいリラックスツールParfum（パルファン）' width = '250' height = '250' border = '0' /></a>,https://mttag.com/s/HKr0rT0-ayQ,2021-12-28 06:21:28.526000
10,250×250,有料キャリアコーチングサービス「キャリート」,キャリート／無料相談予約,広告,250x250,"¥10,000",0,0%,83%,0,0,0,キャリートのHPはこちら,<a href = 'https://mttag.com/s/6sVFNEgVL4A' rel='nofollow'><strong>キャリートのHPはこちら</strong></a><img src = 'https://mttag.com/banner/6sVFNEgVL4A' width = '1' height = '1' border = '0' />,<a href='https://mttag.com/s/6sVFNEgVL4A' rel='nofollow'><img src = 'https://mttag.com/banner/6sVFNEgVL4A' alt = 'キャリートのHPはこちら' width = '250' height = '250' border = '0' /></a>,https://mttag.com/s/6sVFNEgVL4A,2021-12-24 08:53:07.292000
16,ミマモルGPSバナー 300×250,ミマモルGPS,ミマモルGPSアフィリエイト,広告,300x250,15 %,0,0%,0%,0,0,0,GPS発信機、小型GPSでの追跡機をレンタル・販売しているミマモルGPS,<a href = 'https://mttag.com/s/ewIA8_YGqUQ' rel='nofollow'><strong>GPS発信機、小型GPSでの追跡機をレンタル・販売しているミマモルGPS</strong></a><img src = 'https://mttag.com/banner/ewIA8_YGqUQ' width = '1' height = '1' border = '0' />,<a href='https://mttag.com/s/ewIA8_YGqUQ' rel='nofollow'><img src = 'https://mttag.com/banner/ewIA8_YGqUQ' alt = 'GPS発信機、小型GPSでの追跡機をレンタル・販売しているミマモルGPS' width = '300' height = '250' border = '0' /></a>,https://mttag.com/s/ewIA8_YGqUQ,2021-12-17 05:58:11.208000
19,ミマモルGPSネクスト 15日間レンタル,ミマモルGPS,ミマモルGPSアフィリエイト,広告,250x250,15 %,0,0%,0%,0,0,0,GPS発信機、小型GPSでの追跡機をレンタル・販売しているミマモルGPS,<a href = 'https://mttag.com/s/LodEqDSwk-I' rel='nofollow'><strong>GPS発信機、小型GPSでの追跡機をレンタル・販売しているミマモルGPS</strong></a><img src = 'https://mttag.com/banner/LodEqDSwk-I' width = '1' height = '1' border = '0' />,<a href='https://mttag.com/s/LodEqDSwk-I' rel='nofollow'><img src = 'https://mttag.com/banner/LodEqDSwk-I' alt = 'GPS発信機、小型GPSでの追跡機をレンタル・販売しているミマモルGPS' width = '250' height = '250' border = '0' /></a>,https://mttag.com/s/LodEqDSwk-I,2021-12-15 02:57:04.606000
27,ミマモルGPSネクスト 30日間レンタル,ミマモルGPS,ミマモルGPSアフィリエイト,広告,250x250,15 %,0,289%,2%,0,0,0,GPS発信機、小型GPSでの追跡機をレンタル・販売しているミマモルGPS,<a href = 'https://mttag.com/s/IxsOUE2QvcI' rel='nofollow'><strong>GPS発信機、小型GPSでの追跡機をレンタル・販売しているミマモルGPS</strong></a><img src = 'https://mttag.com/banner/IxsOUE2QvcI' width = '1' height = '1' border = '0' />,<a href='https://mttag.com/s/IxsOUE2QvcI' rel='nofollow'><img src = 'https://mttag.com/banner/IxsOUE2QvcI' alt = 'GPS発信機、小型GPSでの追跡機をレンタル・販売しているミマモルGPS' width = '250' height = '250' border = '0' /></a>,https://mttag.com/s/IxsOUE2QvcI,2021-11-22 08:18:55.456000
28,Moroccanoil（モロッカンオイル）｜300x250,格安デパコス通販 - ブランドコスメ,ブランド,広告,300x250,10 %,0,43%,0%,0,0,0,Moroccanoil（モロッカンオイル）/化粧品通販ブランドコスメ,<a href = 'https://mttag.com/s/nLmaKx3upNo' rel='nofollow'><strong>Moroccanoil（モロッカンオイル）/化粧品通販ブランドコスメ</strong></a><img src = 'https://mttag.com/banner/nLmaKx3upNo' width = '1' height = '1' border = '0' />,<a href='https://mttag.com/s/nLmaKx3upNo' rel='nofollow'><img src = 'https://mttag.com/banner/nLmaKx3upNo' alt = 'Moroccanoil（モロッカンオイル）' width = '300' height = '250' border = '0' /></a>,https://mttag.com/s/nLmaKx3upNo,2021-11-19 08:26:18.509000
29,Schwarzkopf（シュワルツコフ）｜300x250,格安デパコス通販 - ブランドコスメ,ブランド,広告,300x250,10 %,0,0%,0%,0,0,0,Schwarzkopf（シュワルツコフ）/化粧品通販ブランドコスメ,<a href = 'https://mttag.com/s/BFVpIN47Zws' rel='nofollow'><strong>Schwarzkopf（シュワルツコフ）/化粧品通販ブランドコスメ</strong></a><img src = 'https://mttag.com/banner/BFVpIN47Zws' width = '1' height = '1' border = '0' />,<a href='https://mttag.com/s/BFVpIN47Zws' rel='nofollow'><img src = 'https://mttag.com/banner/BFVpIN47Zws' alt = 'Schwarzkopf（シュワルツコフ）' width = '300' height = '250' border = '0' /></a>,https://mttag.com/s/BFVpIN47Zws,2021-11-19 08:25:14.916000
30,L'Occitane（ロクシタン）｜300x250,格安デパコス通販 - ブランドコスメ,ブランド,広告,300x250,10 %,0,16%,0%,0,0,0,L'Occitane（ロクシタン）/化粧品通販ブランドコスメ,<a href = 'https://mttag.com/s/0UekKCsgahc' rel='nofollow'><strong>L'Occitane（ロクシタン）/化粧品通販ブランドコスメ</strong></a><img src = 'https://mttag.com/banner/0UekKCsgahc' width = '1' height = '1' border = '0' />,<a href='https://mttag.com/s/0UekKCsgahc' rel='nofollow'><img src = 'https://mttag.com/banner/0UekKCsgahc' alt = 'L'Occitane（ロクシタン）' width = '300' height = '250' border = '0' /></a>,https://mttag.com/s/0UekKCsgahc,2021-11-19 08:24:14.655000
31,Kerastase（ケラスターゼ）｜300x250,格安デパコス通販 - ブランドコスメ,ブランド,広告,300x250,10 %,0,61%,0%,0,0,0,Kerastase（ケラスターゼ）/化粧品通販ブランドコスメ,<a href = 'https://mttag.com/s/xg0nDb9km_w' rel='nofollow'><strong>Kerastase（ケラスターゼ）/化粧品通販ブランドコスメ</strong></a><img src = 'https://mttag.com/banner/xg0nDb9km_w' width = '1' height = '1' border = '0' />,<a href='https://mttag.com/s/xg0nDb9km_w' rel='nofollow'><img src = 'https://mttag.com/banner/xg0nDb9km_w' alt = 'Kerastase（ケラスターゼ）' width = '300' height = '250' border = '0' /></a>,https://mttag.com/s/xg0nDb9km_w,2021-11-19 08:23:21.561000
32,Chloe（クロエ）｜300x250,格安デパコス通販 - ブランドコスメ,ブランド,広告,300x250,10 %,0,0%,0%,0,0,0,Chloe（クロエ）/化粧品通販ブランドコスメ,<a href = 'https://mttag.com/s/j3gx2Su9rIg' rel='nofollow'><strong>Chloe（クロエ）/化粧品通販ブランドコスメ</strong></a><img src = 'https://mttag.com/banner/j3gx2Su9rIg' width = '1' height = '1' border = '0' />,<a href='https://mttag.com/s/j3gx2Su9rIg' rel='nofollow'><img src = 'https://mttag.com/banner/j3gx2Su9rIg' alt = 'Chloe（クロエ）' width = '300' height = '250' border = '0' /></a>,https://mttag.com/s/j3gx2Su9rIg,2021-11-19 08:22:32.525000
33,Aveda（アヴェダ）｜300x250,格安デパコス通販 - ブランドコスメ,ブランド,広告,300x250,10 %,0,0%,0%,0,0,0,Aveda（アヴェダ）/化粧品通販ブランドコスメ,<a href = 'https://mttag.com/s/3qV2WW_76YA' rel='nofollow'><strong>Aveda（アヴェダ）/化粧品通販ブランドコスメ</strong></a><img src = 'https://mttag.com/banner/3qV2WW_76YA' width = '1' height = '1' border = '0' />,<a href='https://mttag.com/s/3qV2WW_76YA' rel='nofollow'><img src = 'https://mttag.com/banner/3qV2WW_76YA' alt = 'Aveda（アヴェダ）' width = '300' height = '250' border = '0' /></a>,https://mttag.com/s/3qV2WW_76YA,2021-11-19 08:21:41.375000
34,Stila（スティラ）｜300x250,格安デパコス通販 - ブランドコスメ,ブランド,広告,300x250,10 %,0,0%,0%,0,0,0,Stila（スティラ）/化粧品通販ブランドコスメ,<a href = 'https://mttag.com/s/Rsn3EL27Lfo' rel='nofollow'><strong>Stila（スティラ）/化粧品通販ブランドコスメ</strong></a><img src = 'https://mttag.com/banner/Rsn3EL27Lfo' width = '1' height = '1' border = '0' />,<a href='https://mttag.com/s/Rsn3EL27Lfo' rel='nofollow'><img src = 'https://mttag.com/banner/Rsn3EL27Lfo' alt = 'Stila（スティラ）' width = '300' height = '250' border = '0' /></a>,https://mttag.com/s/Rsn3EL27Lfo,2021-11-19 08:20:28.906000
35,SUQQU（スック）｜300x250,格安デパコス通販 - ブランドコスメ,ブランド,広告,300x250,10 %,0,83%,0%,0,0,0,SUQQU（スック）/化粧品通販ブランドコスメ,<a href = 'https://mttag.com/s/8b_QHHc4bIk' rel='nofollow'><strong>SUQQU（スック）/化粧品通販ブランドコスメ</strong></a><img src = 'https://mttag.com/banner/8b_QHHc4bIk' width = '1' height = '1' border = '0' />,<a href='https://mttag.com/s/8b_QHHc4bIk' rel='nofollow'><img src = 'https://mttag.com/banner/8b_QHHc4bIk' alt = 'SUQQU（スック）' width = '300' height = '250' border = '0' /></a>,https://mttag.com/s/8b_QHHc4bIk,2021-11-19 08:19:12.976000
36,Sabon（サボン）｜300x250,格安デパコス通販 - ブランドコスメ,ブランド,広告,300x250,10 %,0,84%,0%,0,0,0,Sabon（サボン）/化粧品通販ブランドコスメ,<a href = 'https://mttag.com/s/ywlUMlB8Ppg' rel='nofollow'><strong>Sabon（サボン）/化粧品通販ブランドコスメ</strong></a><img src = 'https://mttag.com/banner/ywlUMlB8Ppg' width = '1' height = '1' border = '0' />,<a href='https://mttag.com/s/ywlUMlB8Ppg' rel='nofollow'><img src = 'https://mttag.com/banner/ywlUMlB8Ppg' alt = 'Sabon（サボン）' width = '300' height = '250' border = '0' /></a>,https://mttag.com/s/ywlUMlB8Ppg,2021-11-19 08:18:06.383000
37,ADDICTION（アディクション）｜300x250,格安デパコス通販 - ブランドコスメ,ブランド,広告,300x250,10 %,0,0%,0%,0,0,0,ADDICTION（アディクション）/化粧品通販ブランドコスメ,<a href = 'https://mttag.com/s/lv2i0kzNerY' rel='nofollow'><strong>ADDICTION（アディクション）/化粧品通販ブランドコスメ</strong></a><img src = 'https://mttag.com/banner/lv2i0kzNerY' width = '1' height = '1' border = '0' />,<a href='https://mttag.com/s/lv2i0kzNerY' rel='nofollow'><img src = 'https://mttag.com/banner/lv2i0kzNerY' alt = 'ADDICTION（アディクション）' width = '300' height = '250' border = '0' /></a>,https://mttag.com/s/lv2i0kzNerY,2021-11-19 08:17:11.986000
38,NYX（ニックス）｜300x250,格安デパコス通販 - ブランドコスメ,ブランド,広告,300x250,10 %,0,0%,0%,0,0,0,NYX（ニックス）/化粧品通販ブランドコスメ,<a href = 'https://mttag.com/s/1AiHuDkfTUM' rel='nofollow'><strong>NYX（ニックス）/化粧品通販ブランドコスメ</strong></a><img src = 'https://mttag.com/banner/1AiHuDkfTUM' width = '1' height = '1' border = '0' />,<a href='https://mttag.com/s/1AiHuDkfTUM' rel='nofollow'><img src = 'https://mttag.com/banner/1AiHuDkfTUM' alt = 'NYX（ニックス）' width = '300' height = '250' border = '0' /></a>,https://mttag.com/s/1AiHuDkfTUM,2021-11-19 08:16:09.892000
39,Gucci（グッチ）｜300x250,格安デパコス通販 - ブランドコスメ,ブランド,広告,300x250,10 %,0,0%,0%,0,0,0,Gucci（グッチ）/化粧品通販ブランドコスメ,<a href = 'https://mttag.com/s/zHsBvQf6cww' rel='nofollow'><strong>Gucci（グッチ）/化粧品通販ブランドコスメ</strong></a><img src = 'https://mttag.com/banner/zHsBvQf6cww' width = '1' height = '1' border = '0' />,<a href='https://mttag.com/s/zHsBvQf6cww' rel='nofollow'><img src = 'https://mttag.com/banner/zHsBvQf6cww' alt = 'Gucci（グッチ）' width = '300' height = '250' border = '0' /></a>,https://mttag.com/s/zHsBvQf6cww,2021-11-19 08:15:08.184000
40,Cle De Peau（クレ・ド・ポー）｜300x250,格安デパコス通販 - ブランドコスメ,ブランド,広告,300x250,10 %,0,0%,0%,0,0,0,Cle De Peau（クレ・ド・ポー）/化粧品通販ブランドコスメ,<a href = 'https://mttag.com/s/6FmVoBDOdyc' rel='nofollow'><strong>Cle De Peau（クレ・ド・ポー）/化粧品通販ブランドコスメ</strong></a><img src = 'https://mttag.com/banner/6FmVoBDOdyc' width = '1' height = '1' border = '0' />,<a href='https://mttag.com/s/6FmVoBDOdyc' rel='nofollow'><img src = 'https://mttag.com/banner/6FmVoBDOdyc' alt = 'Cle De Peau（クレ・ド・ポー）' width = '300' height = '250' border = '0' /></a>,https://mttag.com/s/6FmVoBDOdyc,2021-11-19 08:14:11.906000
41,Sisley（シスレー）｜300x250,格安デパコス通販 - ブランドコスメ,ブランド,広告,300x250,10 %,0,0%,0%,0,0,0,Sisley（シスレー）/化粧品通販ブランドコスメ,<a href = 'https://mttag.com/s/dSDksBP-EyM' rel='nofollow'><strong>Sisley（シスレー）/化粧品通販ブランドコスメ</strong></a><img src = 'https://mttag.com/banner/dSDksBP-EyM' width = '1' height = '1' border = '0' />,<a href='https://mttag.com/s/dSDksBP-EyM' rel='nofollow'><img src = 'https://mttag.com/banner/dSDksBP-EyM' alt = 'Sisley（シスレー）' width = '300' height = '250' border = '0' /></a>,https://mttag.com/s/dSDksBP-EyM,2021-11-19 08:13:18.292000
42,John Masters Organics（ジョンマスターオーガニック）｜300x250,格安デパコス通販 - ブランドコスメ,ブランド,広告,300x250,10 %,0,0%,0%,0,0,0,John Masters Organics（ジョンマスターオーガニック）/化粧品通販ブランドコスメ,<a href = 'https://mttag.com/s/IcxaJUQeBYA' rel='nofollow'><strong>John Masters Organics（ジョンマスターオーガニック）/化粧品通販ブランドコスメ</strong></a><img src = 'https://mttag.com/banner/IcxaJUQeBYA' width = '1' height = '1' border = '0' />,<a href='https://mttag.com/s/IcxaJUQeBYA' rel='nofollow'><img src = 'https://mttag.com/banner/IcxaJUQeBYA' alt = 'John Masters Organics（ジョンマスターオーガニック）' width = '300' height = '250' border = '0' /></a>,https://mttag.com/s/IcxaJUQeBYA,2021-11-19 08:12:19.412000
43,Helena Rubinstein（ヘレナ ルビンスタイン）,格安デパコス通販 - ブランドコスメ,ブランド,広告,300x250,10 %,0,0%,0%,0,0,0,Helena Rubinstein（ヘレナ ルビンスタイン）/化粧品通販ブランドコスメ,<a href = 'https://mttag.com/s/w_cXWka4r6A' rel='nofollow'><strong>Helena Rubinstein（ヘレナ ルビンスタイン）/化粧品通販ブランドコスメ</strong></a><img src = 'https://mttag.com/banner/w_cXWka4r6A' width = '1' height = '1' border = '0' />,<a href='https://mttag.com/s/w_cXWka4r6A' rel='nofollow'><img src = 'https://mttag.com/banner/w_cXWka4r6A' alt = 'Helena Rubinstein（ヘレナ ルビンスタイン）' width = '300' height = '250' border = '0' /></a>,https://mttag.com/s/w_cXWka4r6A,2021-11-19 08:11:17.994000
44,Jo Malone（ジョーマローン）｜300x250,格安デパコス通販 - ブランドコスメ,ブランド,広告,300x250,10 %,0,0%,0%,0,0,0,Jo Malone（ジョーマローン）/化粧品通販ブランドコスメ,<a href = 'https://mttag.com/s/cRmDFDwtiHA' rel='nofollow'><strong>Jo Malone（ジョーマローン）/化粧品通販ブランドコスメ</strong></a><img src = 'https://mttag.com/banner/cRmDFDwtiHA' width = '1' height = '1' border = '0' />,<a href='https://mttag.com/s/cRmDFDwtiHA' rel='nofollow'><img src = 'https://mttag.com/banner/cRmDFDwtiHA' alt = 'Jo Malone（ジョーマローン）' width = '300' height = '250' border = '0' /></a>,https://mttag.com/s/cRmDFDwtiHA,2021-11-19 08:09:56.502000
45,Aesop（イソップ）｜300x250,格安デパコス通販 - ブランドコスメ,ブランド,広告,300x250,10 %,0,0%,0%,0,0,0,Aesop（イソップ）/化粧品通販ブランドコスメ,<a href = 'https://mttag.com/s/wRppteOeFXk' rel='nofollow'><strong>Aesop（イソップ）/化粧品通販ブランドコスメ</strong></a><img src = 'https://mttag.com/banner/wRppteOeFXk' width = '1' height = '1' border = '0' />,<a href='https://mttag.com/s/wRppteOeFXk' rel='nofollow'><img src = 'https://mttag.com/banner/wRppteOeFXk' alt = 'Aesop（イソップ）' width = '300' height = '250' border = '0' /></a>,https://mttag.com/s/wRppteOeFXk,2021-11-19 08:08:09.079000
46,Lancome（ランコム）｜300x250,格安デパコス通販 - ブランドコスメ,ブランド,広告,300x250,10 %,0,0%,0%,0,0,0,Lancome（ランコム）/化粧品通販ブランドコスメ,<a href = 'https://mttag.com/s/42h680tQoLs' rel='nofollow'><strong>Lancome（ランコム）/化粧品通販ブランドコスメ</strong></a><img src = 'https://mttag.com/banner/42h680tQoLs' width = '1' height = '1' border = '0' />,<a href='https://mttag.com/s/42h680tQoLs' rel='nofollow'><img src = 'https://mttag.com/banner/42h680tQoLs' alt = 'Lancome（ランコム）' width = '300' height = '250' border = '0' /></a>,https://mttag.com/s/42h680tQoLs,2021-11-19 08:06:43.293000
47,Givenchy（ジバンシィ）｜300x250,格安デパコス通販 - ブランドコスメ,ブランド,広告,300x250,10 %,0,0%,0%,0,0,0,Givenchy（ジバンシィ）/化粧品通販ブランドコスメ,<a href = 'https://mttag.com/s/IfT9W3BV33M' rel='nofollow'><strong>Givenchy（ジバンシィ）/化粧品通販ブランドコスメ</strong></a><img src = 'https://mttag.com/banner/IfT9W3BV33M' width = '1' height = '1' border = '0' />,<a href='https://mttag.com/s/IfT9W3BV33M' rel='nofollow'><img src = 'https://mttag.com/banner/IfT9W3BV33M' alt = 'Givenchy（ジバンシィ）' width = '300' height = '250' border = '0' /></a>,https://mttag.com/s/IfT9W3BV33M,2021-11-19 08:04:35.277000
48,Chanel（シャネル）｜300x250,格安デパコス通販 - ブランドコスメ,ブランド,広告,300x250,10 %,0,0%,0%,0,0,0,Chanel（シャネル）/化粧品通販ブランドコスメ,<a href = 'https://mttag.com/s/KkLx7E6KOAQ' rel='nofollow'><strong>Chanel（シャネル）/化粧品通販ブランドコスメ</strong></a><img src = 'https://mttag.com/banner/KkLx7E6KOAQ' width = '1' height = '1' border = '0' />,<a href='https://mttag.com/s/KkLx7E6KOAQ' rel='nofollow'><img src = 'https://mttag.com/banner/KkLx7E6KOAQ' alt = 'Chanel（シャネル）' width = '300' height = '250' border = '0' /></a>,https://mttag.com/s/KkLx7E6KOAQ,2021-11-19 08:02:02.044000
49,Elizabeth Arden（エリザベスアーデン）,格安デパコス通販 - ブランドコスメ,ブランド,広告,300x250,10 %,0,0%,0%,0,0,0,Elizabeth Arden（エリザベスアーデン）/化粧品通販ブランドコスメ,<a href = 'https://mttag.com/s/f3uMlKRjko8' rel='nofollow'><strong>Elizabeth Arden（エリザベスアーデン）/化粧品通販ブランドコスメ</strong></a><img src = 'https://mttag.com/banner/f3uMlKRjko8' width = '1' height = '1' border = '0' />,<a href='https://mttag.com/s/f3uMlKRjko8' rel='nofollow'><img src = 'https://mttag.com/banner/f3uMlKRjko8' alt = 'Elizabeth Arden（エリザベスアーデン）' width = '300' height = '250' border = '0' /></a>,https://mttag.com/s/f3uMlKRjko8,2021-11-19 08:00:23.075000
50,Clarins（クラランス）｜300x250,格安デパコス通販 - ブランドコスメ,ブランド,広告,300x250,10 %,0,4500%,0%,0,0,0,Clarins（クラランス）/化粧品通販ブランドコスメ,<a href = 'https://mttag.com/s/V9bs328f1VQ' rel='nofollow'><strong>Clarins（クラランス）/化粧品通販ブランドコスメ</strong></a><img src = 'https://mttag.com/banner/V9bs328f1VQ' width = '1' height = '1' border = '0' />,<a href='https://mttag.com/s/V9bs328f1VQ' rel='nofollow'><img src = 'https://mttag.com/banner/V9bs328f1VQ' alt = 'Clarins（クラランス）' width = '300' height = '250' border = '0' /></a>,https://mttag.com/s/V9bs328f1VQ,2021-11-19 07:58:52.434000
51,Shiseido（資生堂）｜300x250,格安デパコス通販 - ブランドコスメ,ブランド,広告,300x250,10 %,0,191%,0%,0,0,0,Shiseido（資生堂）/化粧品通販ブランドコスメ,<a href = 'https://mttag.com/s/UlTM7CVTUbg' rel='nofollow'><strong>Shiseido（資生堂）/化粧品通販ブランドコスメ</strong></a><img src = 'https://mttag.com/banner/UlTM7CVTUbg' width = '1' height = '1' border = '0' />,<a href='https://mttag.com/s/UlTM7CVTUbg' rel='nofollow'><img src = 'https://mttag.com/banner/UlTM7CVTUbg' alt = 'Shiseido（資生堂）' width = '300' height = '250' border = '0' /></a>,https://mttag.com/s/UlTM7CVTUbg,2021-11-19 07:56:45.151000
52,Burberry（バーバリー）｜300x250,格安デパコス通販 - ブランドコスメ,ブランド,広告,300x250,10 %,0,0%,0%,0,0,0,Burberry（バーバリー）/化粧品通販ブランドコスメ,<a href = 'https://mttag.com/s/JmBOlBaEjlQ' rel='nofollow'><strong>Burberry（バーバリー）/化粧品通販ブランドコスメ</strong></a><img src = 'https://mttag.com/banner/JmBOlBaEjlQ' width = '1' height = '1' border = '0' />,<a href='https://mttag.com/s/JmBOlBaEjlQ' rel='nofollow'><img src = 'https://mttag.com/banner/JmBOlBaEjlQ' alt = 'Burberry（バーバリー）' width = '300' height = '250' border = '0' /></a>,https://mttag.com/s/JmBOlBaEjlQ,2021-11-19 07:53:53.438000
53,BareMinerals（ベアミネラル）｜300x250,格安デパコス通販 - ブランドコスメ,ブランド,広告,300x250,10 %,0,0%,0%,0,0,0,BareMinerals（ベアミネラル）/化粧品通販ブランドコスメ,<a href = 'https://mttag.com/s/VoCiLQG8NoA' rel='nofollow'><strong>BareMinerals（ベアミネラル）/化粧品通販ブランドコスメ</strong></a><img src = 'https://mttag.com/banner/VoCiLQG8NoA' width = '1' height = '1' border = '0' />,<a href='https://mttag.com/s/VoCiLQG8NoA' rel='nofollow'><img src = 'https://mttag.com/banner/VoCiLQG8NoA' alt = 'BareMinerals（ベアミネラル）' width = '300' height = '250' border = '0' /></a>,https://mttag.com/s/VoCiLQG8NoA,2021-11-19 07:50:35.105000
54,Kiehl's（キールズ）｜300x250,格安デパコス通販 - ブランドコスメ,ブランド,広告,300x250,10 %,0,0%,0%,0,0,0,Kiehl's（キールズ）/化粧品通販ブランドコスメ,<a href = 'https://mttag.com/s/Kv2EbM-y0KE' rel='nofollow'><strong>Kiehl's（キールズ）/化粧品通販ブランドコスメ</strong></a><img src = 'https://mttag.com/banner/Kv2EbM-y0KE' width = '1' height = '1' border = '0' />,<a href='https://mttag.com/s/Kv2EbM-y0KE' rel='nofollow'><img src = 'https://mttag.com/banner/Kv2EbM-y0KE' alt = 'Kiehl's（キールズ）' width = '300' height = '250' border = '0' /></a>,https://mttag.com/s/Kv2EbM-y0KE,2021-11-19 07:45:20.228000
55,THREE（スリー ）｜300x250,格安デパコス通販 - ブランドコスメ,ブランド,広告,300x250,10 %,0,0%,0%,0,0,0,THREE（スリー ）/化粧品通販ブランドコスメ,<a href = 'https://mttag.com/s/owzf4pWImGs' rel='nofollow'><strong>THREE（スリー ）/化粧品通販ブランドコスメ</strong></a><img src = 'https://mttag.com/banner/owzf4pWImGs' width = '1' height = '1' border = '0' />,<a href='https://mttag.com/s/owzf4pWImGs' rel='nofollow'><img src = 'https://mttag.com/banner/owzf4pWImGs' alt = 'THREE（スリー ）' width = '300' height = '250' border = '0' /></a>,https://mttag.com/s/owzf4pWImGs,2021-11-18 09:33:56.651000
56,Tom Ford（トム フォード）｜300x250,格安デパコス通販 - ブランドコスメ,ブランド,広告,300x250,10 %,0,0%,0%,0,0,0,Tom Ford（トム フォード）/化粧品通販ブランドコスメ,<a href = 'https://mttag.com/s/31nIW9e-4s4' rel='nofollow'><strong>Tom Ford（トム フォード）/化粧品通販ブランドコスメ</strong></a><img src = 'https://mttag.com/banner/31nIW9e-4s4' width = '1' height = '1' border = '0' />,<a href='https://mttag.com/s/31nIW9e-4s4' rel='nofollow'><img src = 'https://mttag.com/banner/31nIW9e-4s4' alt = 'Tom Ford（トム フォード）' width = '300' height = '250' border = '0' /></a>,https://mttag.com/s/31nIW9e-4s4,2021-11-18 09:31:50.310000
57,Christian Dior（クリスチャン ディオール）｜300x250,格安デパコス通販 - ブランドコスメ,ブランド,広告,300x250,10 %,0,0%,0%,0,0,0,Christian Dior（クリスチャン ディオール）/化粧品通販ブランドコスメ,<a href = 'https://mttag.com/s/xt4eAxn9PBs' rel='nofollow'><strong>Christian Dior（クリスチャン ディオール）/化粧品通販ブランドコスメ</strong></a><img src = 'https://mttag.com/banner/xt4eAxn9PBs' width = '1' height = '1' border = '0' />,<a href='https://mttag.com/s/xt4eAxn9PBs' rel='nofollow'><img src = 'https://mttag.com/banner/xt4eAxn9PBs' alt = 'Christian Dior（クリスチャン ディオール）' width = '300' height = '250' border = '0' /></a>,https://mttag.com/s/xt4eAxn9PBs,2021-11-18 09:29:15.671000
58,Laura Mercier（ローラ メルシエ）｜300x250,格安デパコス通販 - ブランドコスメ,ブランド,広告,300x250,10 %,0,0%,0%,0,0,0,Laura Mercier（ローラ メルシエ）/化粧品通販ブランドコスメ,<a href = 'https://mttag.com/s/ulrnxlPvC5A' rel='nofollow'><strong>Laura Mercier（ローラ メルシエ）/化粧品通販ブランドコスメ</strong></a><img src = 'https://mttag.com/banner/ulrnxlPvC5A' width = '1' height = '1' border = '0' />,<a href='https://mttag.com/s/ulrnxlPvC5A' rel='nofollow'><img src = 'https://mttag.com/banner/ulrnxlPvC5A' alt = 'Laura Mercier（ローラ メルシエ）' width = '300' height = '250' border = '0' /></a>,https://mttag.com/s/ulrnxlPvC5A,2021-11-18 09:26:22.441000
59,Lanvin（ランバン）｜300x250,格安デパコス通販 - ブランドコスメ,ブランド,広告,300x250,10 %,0,0%,0%,0,0,0,Lanvin（ランバン）/化粧品通販ブランドコスメ,<a href = 'https://mttag.com/s/Z0DYahXweFg' rel='nofollow'><strong>Lanvin（ランバン）/化粧品通販ブランドコスメ</strong></a><img src = 'https://mttag.com/banner/Z0DYahXweFg' width = '1' height = '1' border = '0' />,<a href='https://mttag.com/s/Z0DYahXweFg' rel='nofollow'><img src = 'https://mttag.com/banner/Z0DYahXweFg' alt = 'Lanvin（ランバン）' width = '300' height = '250' border = '0' /></a>,https://mttag.com/s/Z0DYahXweFg,2021-11-18 09:22:25.421000
60,Guerlain（ゲラン）｜300x250,格安デパコス通販 - ブランドコスメ,ブランド,広告,300x250,10 %,0,0%,0%,0,0,0,Guerlain（ゲラン）/化粧品通販ブランドコスメ,<a href = 'https://mttag.com/s/LM7hWqlFW-k' rel='nofollow'><strong>Guerlain（ゲラン）/化粧品通販ブランドコスメ</strong></a><img src = 'https://mttag.com/banner/LM7hWqlFW-k' width = '1' height = '1' border = '0' />,<a href='https://mttag.com/s/LM7hWqlFW-k' rel='nofollow'><img src = 'https://mttag.com/banner/LM7hWqlFW-k' alt = 'Guerlain（ゲラン）' width = '300' height = '250' border = '0' /></a>,https://mttag.com/s/LM7hWqlFW-k,2021-11-18 09:19:12.776000
61,Estee Lauder（エスティ ローダー）｜300x250,格安デパコス通販 - ブランドコスメ,ブランド,広告,300x250,10 %,0,0%,0%,0,0,0,Estee Lauder（エスティ ローダー）/化粧品通販ブランドコスメ,<a href = 'https://mttag.com/s/I7uBtTtYxMI' rel='nofollow'><strong>Estee Lauder（エスティ ローダー）/化粧品通販ブランドコスメ</strong></a><img src = 'https://mttag.com/banner/I7uBtTtYxMI' width = '1' height = '1' border = '0' />,<a href='https://mttag.com/s/I7uBtTtYxMI' rel='nofollow'><img src = 'https://mttag.com/banner/I7uBtTtYxMI' alt = 'Estee Lauder（エスティ ローダー）' width = '300' height = '250' border = '0' /></a>,https://mttag.com/s/I7uBtTtYxMI,2021-11-18 09:03:28.340999
62,De La Mer（ドゥ・ラ・メール）｜300x250,格安デパコス通販 - ブランドコスメ,ブランド,広告,300x250,10 %,0,0%,0%,0,0,0,De La Mer（ドゥ・ラ・メール）,<a href = 'https://mttag.com/s/tgLQ7JyJ-LM' rel='nofollow'><strong>De La Mer（ドゥ・ラ・メール）</strong></a><img src = 'https://mttag.com/banner/tgLQ7JyJ-LM' width = '1' height = '1' border = '0' />,<a href='https://mttag.com/s/tgLQ7JyJ-LM' rel='nofollow'><img src = 'https://mttag.com/banner/tgLQ7JyJ-LM' alt = 'De La Mer（ドゥ・ラ・メール）' width = '300' height = '250' border = '0' /></a>,https://mttag.com/s/tgLQ7JyJ-LM,2021-11-18 08:58:08.524000
63,Clinique（クリニーク）｜300x250,格安デパコス通販 - ブランドコスメ,ブランド,広告,300x250,10 %,0,87%,0%,0,0,0,Clinique（クリニーク）,<a href = 'https://mttag.com/s/Fyc2QQ8nV5U' rel='nofollow'><strong>Clinique（クリニーク）</strong></a><img src = 'https://mttag.com/banner/Fyc2QQ8nV5U' width = '1' height = '1' border = '0' />,<a href='https://mttag.com/s/Fyc2QQ8nV5U' rel='nofollow'><img src = 'https://mttag.com/banner/Fyc2QQ8nV5U' alt = 'Clinique（クリニーク）' width = '300' height = '250' border = '0' /></a>,https://mttag.com/s/Fyc2QQ8nV5U,2021-11-18 08:43:47.537000
64,RMK（アールエムケー）｜300x250,格安デパコス通販 - ブランドコスメ,ブランド,広告,300x250,10 %,0,0%,0%,0,0,0,RMK（アールエムケー）/化粧品通販ブランドコスメ,<a href = 'https://mttag.com/s/RTJNWPbVyOQ' rel='nofollow'><strong>RMK（アールエムケー）/化粧品通販ブランドコスメ</strong></a><img src = 'https://mttag.com/banner/RTJNWPbVyOQ' width = '1' height = '1' border = '0' />,<a href='https://mttag.com/s/RTJNWPbVyOQ' rel='nofollow'><img src = 'https://mttag.com/banner/RTJNWPbVyOQ' alt = 'RMK（アールエムケー）' width = '300' height = '250' border = '0' /></a>,https://mttag.com/s/RTJNWPbVyOQ,2021-11-18 08:36:37.758001
68,お得なコフレ・セット商品（300x250）,格安デパコス通販 - ブランドコスメ,セール｜キャンペーンなど,広告,300x250,10 %,0,11%,0%,0,0,0,お得なコフレ・セット商品/化粧品通販ブランドコスメ,<a href = 'https://mttag.com/s/aOhL3vc7uu8' rel='nofollow'><strong>お得なコフレ・セット商品/化粧品通販ブランドコスメ</strong></a><img src = 'https://mttag.com/banner/aOhL3vc7uu8' width = '1' height = '1' border = '0' />,<a href='https://mttag.com/s/aOhL3vc7uu8' rel='nofollow'><img src = 'https://mttag.com/banner/aOhL3vc7uu8' alt = 'お得なコフレ・セット商品' width = '300' height = '250' border = '0' /></a>,https://mttag.com/s/aOhL3vc7uu8,2021-11-18 08:18:55.265000
69,Yves Saint Laurent（イヴ・サンローラン）,格安デパコス通販 - ブランドコスメ,ブランド,広告,300x250,10 %,0,324%,0%,0,0,0,Yves Saint Laurent（イヴ・サンローラン）/化粧品通販ブランドコスメ,<a href = 'https://mttag.com/s/e7pmm9i63ig' rel='nofollow'><strong>Yves Saint Laurent（イヴ・サンローラン）/化粧品通販ブランドコスメ</strong></a><img src = 'https://mttag.com/banner/e7pmm9i63ig' width = '1' height = '1' border = '0' />,<a href='https://mttag.com/s/e7pmm9i63ig' rel='nofollow'><img src = 'https://mttag.com/banner/e7pmm9i63ig' alt = 'Yves Saint Laurent（イヴ・サンローラン）' width = '300' height = '250' border = '0' /></a>,https://mttag.com/s/e7pmm9i63ig,2021-11-17 03:16:22.034000
72,StudioJohnny250×250-2,楽器用機材のStudioJohnny,StudioJohnny-myshop,広告,250x250,5 %,0,50%,10%,0,0,0,StudioJohnny,<a href = 'https://mttag.com/s/ppZrnLx1RjM' rel='nofollow'><strong>StudioJohnny</strong></a><img src = 'https://mttag.com/banner/ppZrnLx1RjM' width = '1' height = '1' border = '0' />,<a href='https://mttag.com/s/ppZrnLx1RjM' rel='nofollow'><img src = 'https://mttag.com/banner/ppZrnLx1RjM' alt = 'StudioJohnny' width = '250' height = '250' border = '0' /></a>,https://mttag.com/s/ppZrnLx1RjM,2021-11-13 07:26:37.069000
73,StudioJohnny250×250,楽器用機材のStudioJohnny,StudioJohnny-myshop,広告,250x250,5 %,0,369%,0%,0,0,0,StudioJohnny,<a href = 'https://mttag.com/s/4SI-yaerWrg' rel='nofollow'><strong>StudioJohnny</strong></a><img src = 'https://mttag.com/banner/4SI-yaerWrg' width = '1' height = '1' border = '0' />,<a href='https://mttag.com/s/4SI-yaerWrg' rel='nofollow'><img src = 'https://mttag.com/banner/4SI-yaerWrg' alt = 'StudioJohnny' width = '250' height = '250' border = '0' /></a>,https://mttag.com/s/4SI-yaerWrg,2021-11-03 02:27:18.144000
75,Bobbi Brown（ボビイ ブラウン）｜320x250,格安デパコス通販 - ブランドコスメ,ブランド,広告,300x250,10 %,0,177%,0%,0,0,0,Bobbi Brown（ボビイ ブラウン）/化粧品通販ブランドコスメ,<a href = 'https://mttag.com/s/Hz8G6kwQKpg' rel='nofollow'><strong>Bobbi Brown（ボビイ ブラウン）/化粧品通販ブランドコスメ</strong></a><img src = 'https://mttag.com/banner/Hz8G6kwQKpg' width = '1' height = '1' border = '0' />,<a href='https://mttag.com/s/Hz8G6kwQKpg' rel='nofollow'><img src = 'https://mttag.com/banner/Hz8G6kwQKpg' alt = 'Bobbi Brown（ボビイ ブラウン）' width = '300' height = '250' border = '0' /></a>,https://mttag.com/s/Hz8G6kwQKpg,2021-10-27 08:02:02.116000
77,"3,000円以下で買える！お手頃デパコス特集",格安デパコス通販 - ブランドコスメ,ショップバナー,広告,300x250,10 %,0,163%,0%,0,0,0,"3,000円以下で買える！お手頃デパコス特集/化粧品通販ブランドコスメ","<a href = 'https://mttag.com/s/Tx-SJ4I8mRc' rel='nofollow'><strong>3,000円以下で買える！お手頃デパコス特集/化粧品通販ブランドコスメ</strong></a><img src = 'https://mttag.com/banner/Tx-SJ4I8mRc' width = '1' height = '1' border = '0' />",<a href='https://mttag.com/s/Tx-SJ4I8mRc' rel='nofollow'><img src = 'https://mttag.com/banner/Tx-SJ4I8mRc' alt = 'https://www.brandcosme.com/collections/campaign-low-price' width = '300' height = '250' border = '0' /></a>,https://mttag.com/s/Tx-SJ4I8mRc,2021-10-25 08:51:46.637000
85,TOEIC対策600点突破,オンライン英会話Eigo Chat Lab!,新規会員募集（リード）,広告,250x250,"¥3,500",0,2476%,0%,0,0,0,就職・昇進でTOEIC600点以上を目指す人のオンライン英会話,<a href = 'https://mttag.com/s/3NOShQneges' rel='nofollow'><strong>就職・昇進でTOEIC600点以上を目指す人のオンライン英会話</strong></a><img src = 'https://mttag.com/banner/3NOShQneges' width = '1' height = '1' border = '0' />,<a href='https://mttag.com/s/3NOShQneges' rel='nofollow'><img src = 'https://mttag.com/banner/3NOShQneges' alt = 'Eigo Chat Lab!_新規会員_TOEIC対策' width = '250' height = '250' border = '0' /></a>,https://mttag.com/s/3NOShQneges,2021-10-14 04:49:36.581000
88,Shu Uemura（シュウウエムラ）｜300x250,格安デパコス通販 - ブランドコスメ,ブランド,広告,600x500,10 %,0,23%,0%,0,0,0,Shu Uemura（シュウウエムラ）/化粧品通販ブランドコスメ,<a href = 'https://mttag.com/s/yvxWfN596ZE' rel='nofollow'><strong>Shu Uemura（シュウウエムラ）/化粧品通販ブランドコスメ</strong></a><img src = 'https://mttag.com/banner/yvxWfN596ZE' width = '1' height = '1' border = '0' />,<a href='https://mttag.com/s/yvxWfN596ZE' rel='nofollow'><img src = 'https://mttag.com/banner/yvxWfN596ZE' alt = 'Shu Uemura（シュウウエムラ）' width = '600' height = '500' border = '0' /></a>,https://mttag.com/s/yvxWfN596ZE,2021-10-12 06:37:10.671000
90,SK II（エスケーツー）｜300x250,格安デパコス通販 - ブランドコスメ,ブランド,広告,600x500,10 %,0,97%,0%,0,0,0,SK II（エスケーツー）/化粧品通販ブランドコスメ,<a href = 'https://mttag.com/s/uCEtMKZWj_w' rel='nofollow'><strong>SK II（エスケーツー）/化粧品通販ブランドコスメ</strong></a><img src = 'https://mttag.com/banner/uCEtMKZWj_w' width = '1' height = '1' border = '0' />,<a href='https://mttag.com/s/uCEtMKZWj_w' rel='nofollow'><img src = 'https://mttag.com/banner/uCEtMKZWj_w' alt = 'SK II（エスケーツー）' width = '600' height = '500' border = '0' /></a>,https://mttag.com/s/uCEtMKZWj_w,2021-10-12 06:24:41.050000
94,MAC（マック）｜300x250,格安デパコス通販 - ブランドコスメ,ブランド,広告,600x500,10 %,0,17%,0%,0,0,0,MAC（マック）/化粧品通販ブランドコスメ,<a href = 'https://mttag.com/s/A6RQi3JYzT0' rel='nofollow'><strong>MAC（マック）/化粧品通販ブランドコスメ</strong></a><img src = 'https://mttag.com/banner/A6RQi3JYzT0' width = '1' height = '1' border = '0' />,<a href='https://mttag.com/s/A6RQi3JYzT0' rel='nofollow'><img src = 'https://mttag.com/banner/A6RQi3JYzT0' alt = 'MAC（マック）' width = '600' height = '500' border = '0' /></a>,https://mttag.com/s/A6RQi3JYzT0,2021-10-11 07:30:08.617000
99,マスカラベストセラー｜300x250,格安デパコス通販 - ブランドコスメ,マスカラ・下地,広告,300x250,10 %,0,10%,0%,0,0,0,マスカラベストセラー/化粧品通販ブランドコスメ,<a href = 'https://mttag.com/s/qGV2gngWrFY' rel='nofollow'><strong>マスカラベストセラー/化粧品通販ブランドコスメ</strong></a><img src = 'https://mttag.com/banner/qGV2gngWrFY' width = '1' height = '1' border = '0' />,<a href='https://mttag.com/s/qGV2gngWrFY' rel='nofollow'><img src = 'https://mttag.com/banner/qGV2gngWrFY' alt = 'マスカラベストセラー' width = '300' height = '250' border = '0' /></a>,https://mttag.com/s/qGV2gngWrFY,2021-10-08 02:59:35.366000
104,ベースメイクベストセラー｜300x250,格安デパコス通販 - ブランドコスメ,化粧下地・BB・CCクリーム,広告,300x250,10 %,0,4%,0%,0,0,0,ベースメイクベストセラー/化粧品通販ブランドコスメ,<a href = 'https://mttag.com/s/iZs69ZLFRII' rel='nofollow'><strong>ベースメイクベストセラー/化粧品通販ブランドコスメ</strong></a><img src = 'https://mttag.com/banner/iZs69ZLFRII' width = '1' height = '1' border = '0' />,<a href='https://mttag.com/s/iZs69ZLFRII' rel='nofollow'><img src = 'https://mttag.com/banner/iZs69ZLFRII' alt = 'ベースメイクベストセラー' width = '300' height = '250' border = '0' /></a>,https://mttag.com/s/iZs69ZLFRII,2021-10-08 02:43:39.835000
109,マンスリーセール｜300x250,格安デパコス通販 - ブランドコスメ,セール｜キャンペーンなど,広告,300x250,10 %,0,1080%,0%,0,0,0,マンスリーセール/化粧品通販ブランドコスメ,<a href = 'https://mttag.com/s/yhHQ-iBS5j0' rel='nofollow'><strong>マンスリーセール/化粧品通販ブランドコスメ</strong></a><img src = 'https://mttag.com/banner/yhHQ-iBS5j0' width = '1' height = '1' border = '0' />,<a href='https://mttag.com/s/yhHQ-iBS5j0' rel='nofollow'><img src = 'https://mttag.com/banner/yhHQ-iBS5j0' alt = 'マンスリーセール' width = '300' height = '250' border = '0' /></a>,https://mttag.com/s/yhHQ-iBS5j0,2021-10-07 02:11:12.484000
114,週末セール｜320x250,格安デパコス通販 - ブランドコスメ,セール｜キャンペーンなど,広告,300x250,10 %,0,9%,0%,0,0,0,週末セール/化粧品通販ブランドコスメ,<a href = 'https://mttag.com/s/ZmHGmo4cVBg' rel='nofollow'><strong>週末セール/化粧品通販ブランドコスメ</strong></a><img src = 'https://mttag.com/banner/ZmHGmo4cVBg' width = '1' height = '1' border = '0' />,<a href='https://mttag.com/s/ZmHGmo4cVBg' rel='nofollow'><img src = 'https://mttag.com/banner/ZmHGmo4cVBg' alt = '週末セール' width = '300' height = '250' border = '0' /></a>,https://mttag.com/s/ZmHGmo4cVBg,2021-10-06 03:49:17.409000
124,リップベストセラー｜300x250,格安デパコス通販 - ブランドコスメ,リップカラー,広告,300x250,10 %,0,30%,0%,0,0,0,リップベストセラー/化粧品通販ブランドコスメ,<a href = 'https://mttag.com/s/VGFGKk-SKko' rel='nofollow'><strong>リップベストセラー/化粧品通販ブランドコスメ</strong></a><img src = 'https://mttag.com/banner/VGFGKk-SKko' width = '1' height = '1' border = '0' />,<a href='https://mttag.com/s/VGFGKk-SKko' rel='nofollow'><img src = 'https://mttag.com/banner/VGFGKk-SKko' alt = 'リップベストセラー' width = '300' height = '250' border = '0' /></a>,https://mttag.com/s/VGFGKk-SKko,2021-10-01 06:42:21.713000
125,NEO DRUG POMP,NEO DRUG POMP（電子タバコ）,成分を煙で吸う新しいデバイス販売,広告,300x250,"¥1,000",0,23%,0%,0,0,0,ご購入はこちら,<a href = 'https://mttag.com/s/j-5pn5UMYDE' rel='nofollow'><strong>ご購入はこちら</strong></a><img src = 'https://mttag.com/banner/j-5pn5UMYDE' width = '1' height = '1' border = '0' />,<a href='https://mttag.com/s/j-5pn5UMYDE' rel='nofollow'><img src = 'https://mttag.com/banner/j-5pn5UMYDE' alt = 'NEO DRUG POMP' width = '300' height = '250' border = '0' /></a>,https://mttag.com/s/j-5pn5UMYDE,2021-09-28 08:29:41.633000
128,ヴォリュプテ ティントインバーム,格安デパコス通販 - ブランドコスメ,リップカラー,広告,500x500,10 %,0,0%,0%,0,0,0,ヴォリュプテ ティントインバーム/化粧品通販ブランドコスメ,<a href = 'https://mttag.com/s/Xvn9CY6s8L0' rel='nofollow'><strong>ヴォリュプテ ティントインバーム/化粧品通販ブランドコスメ</strong></a><img src = 'https://mttag.com/banner/Xvn9CY6s8L0' width = '1' height = '1' border = '0' />,<a href='https://mttag.com/s/Xvn9CY6s8L0' rel='nofollow'><img src = 'https://mttag.com/banner/Xvn9CY6s8L0' alt = 'ヴォリュプテ ティントインバーム' width = '500' height = '500' border = '0' /></a>,https://mttag.com/s/Xvn9CY6s8L0,2021-09-23 01:33:56.611000
129,エクラ ドゥ アルページュ オードパルファムスプレー,格安デパコス通販 - ブランドコスメ,香水（女性用）,広告,500x500,10 %,0,11%,0%,0,0,0,エクラ ドゥ アルページュ オードパルファムスプレー/化粧品通販ブランドコスメ,<a href = 'https://mttag.com/s/XziOMaCfTTY' rel='nofollow'><strong>エクラ ドゥ アルページュ オードパルファムスプレー/化粧品通販ブランドコスメ</strong></a><img src = 'https://mttag.com/banner/XziOMaCfTTY' width = '1' height = '1' border = '0' />,<a href='https://mttag.com/s/XziOMaCfTTY' rel='nofollow'><img src = 'https://mttag.com/banner/XziOMaCfTTY' alt = 'エクラ ドゥ アルページュ オードパルファムスプレー' width = '500' height = '500' border = '0' /></a>,https://mttag.com/s/XziOMaCfTTY,2021-09-08 08:16:38.203000
135,300×250,スキンケアでブルーライトの光ダメージからお肌を守るunlumie(アンルミエ),★報酬アップ中！★unlumie（アンルミエ） －スキンプロテクトクリーム－,広告,300x250,50 %,0,177%,0%,0,0,0,ブルーライトの光ダメージからお肌を守る,<a href = 'https://mttag.com/s/FhtbhCj_VlA' rel='nofollow'><strong>ブルーライトの光ダメージからお肌を守る</strong></a><img src = 'https://mttag.com/banner/FhtbhCj_VlA' width = '1' height = '1' border = '0' />,<a href='https://mttag.com/s/FhtbhCj_VlA' rel='nofollow'><img src = 'https://mttag.com/banner/FhtbhCj_VlA' alt = '' width = '300' height = '250' border = '0' /></a>,https://mttag.com/s/FhtbhCj_VlA,2021-08-19 07:32:47.001000
154,NARS（ナーズ）｜300x250,格安デパコス通販 - ブランドコスメ,ブランド,広告,600x500,10 %,0,20%,0%,0,0,0,NARS（ナーズ）/化粧品通販ブランドコスメ,<a href = 'https://mttag.com/s/ZJy1b_FhXTM' rel='nofollow'><strong>NARS（ナーズ）/化粧品通販ブランドコスメ</strong></a><img src = 'https://mttag.com/banner/ZJy1b_FhXTM' width = '1' height = '1' border = '0' />,<a href='https://mttag.com/s/ZJy1b_FhXTM' rel='nofollow'><img src = 'https://mttag.com/banner/ZJy1b_FhXTM' alt = 'NARS（ナーズ）' width = '600' height = '500' border = '0' /></a>,https://mttag.com/s/ZJy1b_FhXTM,2021-07-14 07:14:45.072000
191,ADDICTION/アディクション,格安デパコス通販 - ブランドコスメ,ブランド,広告,600x500,10 %,0,18%,0%,0,0,0,ADDICTION/アディクション,<a href = 'https://mttag.com/s/p24i9QeiPHU' rel='nofollow'><strong>ADDICTION/アディクション</strong></a><img src = 'https://mttag.com/banner/p24i9QeiPHU' width = '1' height = '1' border = '0' />,<a href='https://mttag.com/s/p24i9QeiPHU' rel='nofollow'><img src = 'https://mttag.com/banner/p24i9QeiPHU' alt = 'ADDICTION/アディクション' width = '600' height = '500' border = '0' /></a>,https://mttag.com/s/p24i9QeiPHU,2021-07-14 05:56:39.677000
192,Fiberwig超ロングマスカラE-＃ナチュラルブラウン,格安デパコス通販 - ブランドコスメ,マスカラ・下地,広告,500x500,10 %,0,0%,0%,0,0,0,Fiberwig超ロングマスカラE-＃ナチュラルブラウン/化粧品通販ブランドコスメ,<a href = 'https://mttag.com/s/xhih2X_vLqM' rel='nofollow'><strong>Fiberwig超ロングマスカラE-＃ナチュラルブラウン/化粧品通販ブランドコスメ</strong></a><img src = 'https://mttag.com/banner/xhih2X_vLqM' width = '1' height = '1' border = '0' />,<a href='https://mttag.com/s/xhih2X_vLqM' rel='nofollow'><img src = 'https://mttag.com/banner/xhih2X_vLqM' alt = 'Fiberwig超ロングマスカラE-＃ナチュラルブラウン' width = '500' height = '500' border = '0' /></a>,https://mttag.com/s/xhih2X_vLqM,2021-07-08 04:09:00.800000
193,ルージュヴォルプテロックンシャインリップスティック,格安デパコス通販 - ブランドコスメ,リップカラー,広告,500x500,10 %,0,0%,0%,0,0,0,ルージュヴォルプテロックンシャインリップスティック/化粧品通販ブランドコスメ,<a href = 'https://mttag.com/s/oMvC3oL8bCs' rel='nofollow'><strong>ルージュヴォルプテロックンシャインリップスティック/化粧品通販ブランドコスメ</strong></a><img src = 'https://mttag.com/banner/oMvC3oL8bCs' width = '1' height = '1' border = '0' />,<a href='https://mttag.com/s/oMvC3oL8bCs' rel='nofollow'><img src = 'https://mttag.com/banner/oMvC3oL8bCs' alt = 'ルージュヴォルプテロックンシャインリップスティック' width = '500' height = '500' border = '0' /></a>,https://mttag.com/s/oMvC3oL8bCs,2021-07-08 04:07:09.846000
195,ディオールアディクトステラグロス,格安デパコス通販 - ブランドコスメ,リップカラー,広告,500x500,10 %,0,87%,0%,0,0,0,ディオールアディクトステラグロス/化粧品通販ブランドコスメ,<a href = 'https://mttag.com/s/ClGFHylupt0' rel='nofollow'><strong>ディオールアディクトステラグロス/化粧品通販ブランドコスメ</strong></a><img src = 'https://mttag.com/banner/ClGFHylupt0' width = '1' height = '1' border = '0' />,<a href='https://mttag.com/s/ClGFHylupt0' rel='nofollow'><img src = 'https://mttag.com/banner/ClGFHylupt0' alt = 'ディオールアディクトステラグロス' width = '500' height = '500' border = '0' /></a>,https://mttag.com/s/ClGFHylupt0,2021-07-06 01:19:32.432000
196,A/O ユースグロー クレンジング オイル,格安デパコス通販 - ブランドコスメ,クレンジング,広告,500x500,10 %,0,0%,0%,0,0,0,A/O ユースグロー クレンジング オイル/化粧品通販ブランドコスメ,<a href = 'https://mttag.com/s/HjbZ4XXnWDg' rel='nofollow'><strong>A/O ユースグロー クレンジング オイル/化粧品通販ブランドコスメ</strong></a><img src = 'https://mttag.com/banner/HjbZ4XXnWDg' width = '1' height = '1' border = '0' />,<a href='https://mttag.com/s/HjbZ4XXnWDg' rel='nofollow'><img src = 'https://mttag.com/banner/HjbZ4XXnWDg' alt = 'A/O ユースグロー クレンジング オイル' width = '500' height = '500' border = '0' /></a>,https://mttag.com/s/HjbZ4XXnWDg,2021-06-17 09:19:57.794000
197,リップ ラッカーリュクス ,格安デパコス通販 - ブランドコスメ,リップカラー,広告,500x500,10 %,0,9%,0%,0,0,0,リップ ラッカーリュクス /化粧品通販ブランドコスメ,<a href = 'https://mttag.com/s/AcU1XyrkZzw' rel='nofollow'><strong>リップ ラッカーリュクス /化粧品通販ブランドコスメ</strong></a><img src = 'https://mttag.com/banner/AcU1XyrkZzw' width = '1' height = '1' border = '0' />,<a href='https://mttag.com/s/AcU1XyrkZzw' rel='nofollow'><img src = 'https://mttag.com/banner/AcU1XyrkZzw' alt = 'リップ ラッカーリュクス ' width = '500' height = '500' border = '0' /></a>,https://mttag.com/s/AcU1XyrkZzw,2021-06-17 09:18:27.502000
198,アイ カラークォード ,格安デパコス通販 - ブランドコスメ,アイカラー,広告,500x500,10 %,0,0%,0%,0,0,0,アイ カラークォード /化粧品通販ブランドコスメ,<a href = 'https://mttag.com/s/_8AhyPcWfB4' rel='nofollow'><strong>アイ カラークォード /化粧品通販ブランドコスメ</strong></a><img src = 'https://mttag.com/banner/_8AhyPcWfB4' width = '1' height = '1' border = '0' />,<a href='https://mttag.com/s/_8AhyPcWfB4' rel='nofollow'><img src = 'https://mttag.com/banner/_8AhyPcWfB4' alt = 'アイ カラークォード ' width = '500' height = '500' border = '0' /></a>,https://mttag.com/s/_8AhyPcWfB4,2021-06-17 09:17:40.065000
199,フローレス エーテル フルイド ファンデーション SPF36,格安デパコス通販 - ブランドコスメ,ファンデーション・パウダー,広告,500x500,10 %,0,0%,0%,0,0,0,フローレス エーテル フルイド ファンデーション SPF36/化粧品通販ブランドコスメ,<a href = 'https://mttag.com/s/43ERDLtTet8' rel='nofollow'><strong>フローレス エーテル フルイド ファンデーション SPF36/化粧品通販ブランドコスメ</strong></a><img src = 'https://mttag.com/banner/43ERDLtTet8' width = '1' height = '1' border = '0' />,<a href='https://mttag.com/s/43ERDLtTet8' rel='nofollow'><img src = 'https://mttag.com/banner/43ERDLtTet8' alt = 'フローレス エーテル フルイド ファンデーション SPF36' width = '500' height = '500' border = '0' /></a>,https://mttag.com/s/43ERDLtTet8,2021-06-17 09:16:54.855000
200,ファンデーション,格安デパコス通販 - ブランドコスメ,ファンデーション・パウダー,広告,500x500,10 %,0,0%,0%,0,0,0,ファンデーション/化粧品通販ブランドコスメ,<a href = 'https://mttag.com/s/HNhk4YRUX-s' rel='nofollow'><strong>ファンデーション/化粧品通販ブランドコスメ</strong></a><img src = 'https://mttag.com/banner/HNhk4YRUX-s' width = '1' height = '1' border = '0' />,<a href='https://mttag.com/s/HNhk4YRUX-s' rel='nofollow'><img src = 'https://mttag.com/banner/HNhk4YRUX-s' alt = 'ファンデーション' width = '500' height = '500' border = '0' /></a>,https://mttag.com/s/HNhk4YRUX-s,2021-06-17 09:14:37.951000
201,ジェノプティクス ウルトオーラ エッセンス,格安デパコス通販 - ブランドコスメ,美容液,広告,500x500,10 %,0,0%,0%,0,0,0,ジェノプティクス ウルトオーラ エッセンス/化粧品通販ブランドコスメ,<a href = 'https://mttag.com/s/cY3e7vgOx7w' rel='nofollow'><strong>ジェノプティクス ウルトオーラ エッセンス/化粧品通販ブランドコスメ</strong></a><img src = 'https://mttag.com/banner/cY3e7vgOx7w' width = '1' height = '1' border = '0' />,<a href='https://mttag.com/s/cY3e7vgOx7w' rel='nofollow'><img src = 'https://mttag.com/banner/cY3e7vgOx7w' alt = 'ジェノプティクス ウルトオーラ エッセンス' width = '500' height = '500' border = '0' /></a>,https://mttag.com/s/cY3e7vgOx7w,2021-06-17 09:13:11.160000
203,アンリミテッドラスティングフルイド SPF 24,格安デパコス通販 - ブランドコスメ,ファンデーション・パウダー,広告,500x500,10 %,0,0%,0%,0,0,0,アンリミテッドラスティングフルイド SPF 24/化粧品通販ブランドコスメ,<a href = 'https://mttag.com/s/nGDJHioKR1s' rel='nofollow'><strong>アンリミテッドラスティングフルイド SPF 24/化粧品通販ブランドコスメ</strong></a><img src = 'https://mttag.com/banner/nGDJHioKR1s' width = '1' height = '1' border = '0' />,<a href='https://mttag.com/s/nGDJHioKR1s' rel='nofollow'><img src = 'https://mttag.com/banner/nGDJHioKR1s' alt = 'アンリミテッドラスティングフルイド SPF 24' width = '500' height = '500' border = '0' /></a>,https://mttag.com/s/nGDJHioKR1s,2021-06-17 08:56:38.019000
204,リキッドファンデーション SPF 14 PA,格安デパコス通販 - ブランドコスメ,ファンデーション・パウダー,広告,500x500,10 %,0,6%,0%,0,0,0,リキッドファンデーション SPF 14 PA/化粧品通販ブランドコスメ,<a href = 'https://mttag.com/s/dri2CcRJwK4' rel='nofollow'><strong>リキッドファンデーション SPF 14 PA/化粧品通販ブランドコスメ</strong></a><img src = 'https://mttag.com/banner/dri2CcRJwK4' width = '1' height = '1' border = '0' />,<a href='https://mttag.com/s/dri2CcRJwK4' rel='nofollow'><img src = 'https://mttag.com/banner/dri2CcRJwK4' alt = 'リキッドファンデーション SPF 14 PA' width = '500' height = '500' border = '0' /></a>,https://mttag.com/s/dri2CcRJwK4,2021-06-17 08:55:48.488000
205,メイクアップ ベース,格安デパコス通販 - ブランドコスメ,化粧下地・BB・CCクリーム,広告,500x500,10 %,0,0%,0%,0,0,0,メイクアップ ベース/化粧品通販ブランドコスメ,<a href = 'https://mttag.com/s/Lfj5u9OPMsM' rel='nofollow'><strong>メイクアップ ベース/化粧品通販ブランドコスメ</strong></a><img src = 'https://mttag.com/banner/Lfj5u9OPMsM' width = '1' height = '1' border = '0' />,<a href='https://mttag.com/s/Lfj5u9OPMsM' rel='nofollow'><img src = 'https://mttag.com/banner/Lfj5u9OPMsM' alt = 'メイクアップ ベース' width = '500' height = '500' border = '0' /></a>,https://mttag.com/s/Lfj5u9OPMsM,2021-06-17 08:47:30.988000
208,ラディエント クリーミー コンシーラー,格安デパコス通販 - ブランドコスメ,コンシーラー,広告,500x500,10 %,0,0%,0%,0,0,0,ラディエント クリーミー コンシーラー/化粧品通販ブランドコスメ,<a href = 'https://mttag.com/s/hUXyRWMcEkI' rel='nofollow'><strong>ラディエント クリーミー コンシーラー/化粧品通販ブランドコスメ</strong></a><img src = 'https://mttag.com/banner/hUXyRWMcEkI' width = '1' height = '1' border = '0' />,<a href='https://mttag.com/s/hUXyRWMcEkI' rel='nofollow'><img src = 'https://mttag.com/banner/hUXyRWMcEkI' alt = 'ラディエント クリーミー コンシーラー' width = '500' height = '500' border = '0' /></a>,https://mttag.com/s/hUXyRWMcEkI,2021-06-17 08:42:36.369000
209,ミネラライズ スキン フィニッシュ ナチュラル,格安デパコス通販 - ブランドコスメ,ファンデーション・パウダー,広告,500x500,10 %,0,0%,0%,0,0,0,ミネラライズ スキン フィニッシュ ナチュラル/化粧品通販ブランドコスメ,<a href = 'https://mttag.com/s/4dfL4p3up2M' rel='nofollow'><strong>ミネラライズ スキン フィニッシュ ナチュラル/化粧品通販ブランドコスメ</strong></a><img src = 'https://mttag.com/banner/4dfL4p3up2M' width = '1' height = '1' border = '0' />,<a href='https://mttag.com/s/4dfL4p3up2M' rel='nofollow'><img src = 'https://mttag.com/banner/4dfL4p3up2M' alt = 'ミネラライズ スキン フィニッシュ ナチュラル' width = '500' height = '500' border = '0' /></a>,https://mttag.com/s/4dfL4p3up2M,2021-06-17 08:42:02.089000
210,ダブル ウェア ステイ イン プレイス メークアップ ,格安デパコス通販 - ブランドコスメ,ファンデーション・パウダー,広告,500x500,10 %,0,0%,0%,0,0,0,ダブル ウェア ステイ イン プレイス メークアップ /化粧品通販ブランドコスメ,<a href = 'https://mttag.com/s/sIp2abcGtEM' rel='nofollow'><strong>ダブル ウェア ステイ イン プレイス メークアップ /化粧品通販ブランドコスメ</strong></a><img src = 'https://mttag.com/banner/sIp2abcGtEM' width = '1' height = '1' border = '0' />,<a href='https://mttag.com/s/sIp2abcGtEM' rel='nofollow'><img src = 'https://mttag.com/banner/sIp2abcGtEM' alt = 'ダブル ウェア ステイ イン プレイス メークアップ ' width = '500' height = '500' border = '0' /></a>,https://mttag.com/s/sIp2abcGtEM,2021-06-17 08:41:21.922000
211,スタジオフィックスフルイドSPF15,格安デパコス通販 - ブランドコスメ,ファンデーション・パウダー,広告,500x500,10 %,0,0%,0%,0,0,0,スタジオフィックスフルイドSPF15/化粧品通販ブランドコスメ,<a href = 'https://mttag.com/s/14QZdmK9juA' rel='nofollow'><strong>スタジオフィックスフルイドSPF15/化粧品通販ブランドコスメ</strong></a><img src = 'https://mttag.com/banner/14QZdmK9juA' width = '1' height = '1' border = '0' />,<a href='https://mttag.com/s/14QZdmK9juA' rel='nofollow'><img src = 'https://mttag.com/banner/14QZdmK9juA' alt = 'スタジオフィックスフルイドSPF15' width = '500' height = '500' border = '0' /></a>,https://mttag.com/s/14QZdmK9juA,2021-06-17 08:40:23.399000
212,ピュア キャンバス プライマー プロテクティング,格安デパコス通販 - ブランドコスメ,化粧下地・BB・CCクリーム,広告,500x500,10 %,0,0%,0%,0,0,0,ピュア キャンバス プライマー プロテクティング/化粧品通販ブランドコスメ,<a href = 'https://mttag.com/s/ctmFn3fnpos' rel='nofollow'><strong>ピュア キャンバス プライマー プロテクティング/化粧品通販ブランドコスメ</strong></a><img src = 'https://mttag.com/banner/ctmFn3fnpos' width = '1' height = '1' border = '0' />,<a href='https://mttag.com/s/ctmFn3fnpos' rel='nofollow'><img src = 'https://mttag.com/banner/ctmFn3fnpos' alt = 'ピュア キャンバス プライマー プロテクティング' width = '500' height = '500' border = '0' /></a>,https://mttag.com/s/ctmFn3fnpos,2021-06-17 08:34:30.418000
214,ラブソル ルージュ ラ ベース ロージー,格安デパコス通販 - ブランドコスメ,リップカラー,広告,500x500,10 %,0,0%,0%,0,0,0,ラブソル ルージュ ラ ベース ロージー/化粧品通販ブランドコスメ,<a href = 'https://mttag.com/s/aIt5KSAsexw' rel='nofollow'><strong>ラブソル ルージュ ラ ベース ロージー/化粧品通販ブランドコスメ</strong></a><img src = 'https://mttag.com/banner/aIt5KSAsexw' width = '1' height = '1' border = '0' />,<a href='https://mttag.com/s/aIt5KSAsexw' rel='nofollow'><img src = 'https://mttag.com/banner/aIt5KSAsexw' alt = 'ラブソル ルージュ ラ ベース ロージー' width = '500' height = '500' border = '0' /></a>,https://mttag.com/s/aIt5KSAsexw,2021-06-17 08:33:17.944000
215,ムッシュ ビッグ ヴォリューム マスカラ,格安デパコス通販 - ブランドコスメ,マスカラ・下地,広告,500x500,10 %,0,0%,0%,0,0,0,ムッシュ ビッグ ヴォリューム マスカラ/化粧品通販ブランドコスメ,<a href = 'https://mttag.com/s/tMzD2KGous4' rel='nofollow'><strong>ムッシュ ビッグ ヴォリューム マスカラ/化粧品通販ブランドコスメ</strong></a><img src = 'https://mttag.com/banner/tMzD2KGous4' width = '1' height = '1' border = '0' />,<a href='https://mttag.com/s/tMzD2KGous4' rel='nofollow'><img src = 'https://mttag.com/banner/tMzD2KGous4' alt = 'ムッシュ ビッグ ヴォリューム マスカラ' width = '500' height = '500' border = '0' /></a>,https://mttag.com/s/tMzD2KGous4,2021-06-17 08:32:34.315000
216,ジェニフィック アドバンスド ユース アクティベート コンセントレート ,格安デパコス通販 - ブランドコスメ,美容液,広告,500x500,10 %,0,0%,0%,0,0,0,ジェニフィック アドバンスド ユース アクティベート コンセントレート /化粧品通販ブランドコスメ,<a href = 'https://mttag.com/s/jRDF6jxrit4' rel='nofollow'><strong>ジェニフィック アドバンスド ユース アクティベート コンセントレート /化粧品通販ブランドコスメ</strong></a><img src = 'https://mttag.com/banner/jRDF6jxrit4' width = '1' height = '1' border = '0' />,<a href='https://mttag.com/s/jRDF6jxrit4' rel='nofollow'><img src = 'https://mttag.com/banner/jRDF6jxrit4' alt = 'ジェニフィック アドバンスド ユース アクティベート コンセントレート ' width = '500' height = '500' border = '0' /></a>,https://mttag.com/s/jRDF6jxrit4,2021-06-17 08:31:59.050000
217,ヴィジョネア セラム,格安デパコス通販 - ブランドコスメ,美容液,広告,500x500,10 %,0,0%,0%,0,0,0,ヴィジョネア セラム/化粧品通販ブランドコスメ,<a href = 'https://mttag.com/s/di-HsUKxfKA' rel='nofollow'><strong>ヴィジョネア セラム/化粧品通販ブランドコスメ</strong></a><img src = 'https://mttag.com/banner/di-HsUKxfKA' width = '1' height = '1' border = '0' />,<a href='https://mttag.com/s/di-HsUKxfKA' rel='nofollow'><img src = 'https://mttag.com/banner/di-HsUKxfKA' alt = 'ヴィジョネア セラム' width = '500' height = '500' border = '0' /></a>,https://mttag.com/s/di-HsUKxfKA,2021-06-17 08:31:18.445000
218,イプノーズ ドールアイズ,格安デパコス通販 - ブランドコスメ,マスカラ・下地,広告,500x500,10 %,0,0%,0%,0,0,0,イプノーズ ドールアイズ/化粧品通販ブランドコスメ,<a href = 'https://mttag.com/s/C-u5h6OtsKQ' rel='nofollow'><strong>イプノーズ ドールアイズ/化粧品通販ブランドコスメ</strong></a><img src = 'https://mttag.com/banner/C-u5h6OtsKQ' width = '1' height = '1' border = '0' />,<a href='https://mttag.com/s/C-u5h6OtsKQ' rel='nofollow'><img src = 'https://mttag.com/banner/C-u5h6OtsKQ' alt = 'イプノーズ ドールアイズ' width = '500' height = '500' border = '0' /></a>,https://mttag.com/s/C-u5h6OtsKQ,2021-06-17 08:30:43.459000
220,グランディオーズ,格安デパコス通販 - ブランドコスメ,マスカラ・下地,広告,500x500,10 %,0,0%,0%,0,0,0,グランディオーズ/化粧品通販ブランドコスメ,<a href = 'https://mttag.com/s/OqP26Mbno4U' rel='nofollow'><strong>グランディオーズ/化粧品通販ブランドコスメ</strong></a><img src = 'https://mttag.com/banner/OqP26Mbno4U' width = '1' height = '1' border = '0' />,<a href='https://mttag.com/s/OqP26Mbno4U' rel='nofollow'><img src = 'https://mttag.com/banner/OqP26Mbno4U' alt = 'グランディオーズ' width = '500' height = '500' border = '0' /></a>,https://mttag.com/s/OqP26Mbno4U,2021-06-17 08:23:39.574000
221,クレーム　ドゥ　ラメール,格安デパコス通販 - ブランドコスメ,フェイスクリーム,広告,500x500,10 %,0,0%,0%,0,0,0,クレーム　ドゥ　ラメール/化粧品通販ブランドコスメ,<a href = 'https://mttag.com/s/OvHNkr9UCIM' rel='nofollow'><strong>クレーム　ドゥ　ラメール/化粧品通販ブランドコスメ</strong></a><img src = 'https://mttag.com/banner/OvHNkr9UCIM' width = '1' height = '1' border = '0' />,<a href='https://mttag.com/s/OvHNkr9UCIM' rel='nofollow'><img src = 'https://mttag.com/banner/OvHNkr9UCIM' alt = 'クレーム　ドゥ　ラメール' width = '500' height = '500' border = '0' /></a>,https://mttag.com/s/OvHNkr9UCIM,2021-06-17 08:21:22.753000
222,ラッシュクイーンセクシーブラックマスカラ,格安デパコス通販 - ブランドコスメ,マスカラ・下地,広告,500x500,10 %,0,0%,0%,0,0,0,ラッシュクイーンセクシーブラックマスカラ/化粧品通販ブランドコスメ,<a href = 'https://mttag.com/s/M7uCl7pN9io' rel='nofollow'><strong>ラッシュクイーンセクシーブラックマスカラ/化粧品通販ブランドコスメ</strong></a><img src = 'https://mttag.com/banner/M7uCl7pN9io' width = '1' height = '1' border = '0' />,<a href='https://mttag.com/s/M7uCl7pN9io' rel='nofollow'><img src = 'https://mttag.com/banner/M7uCl7pN9io' alt = 'ラッシュクイーンセクシーブラックマスカラ' width = '500' height = '500' border = '0' /></a>,https://mttag.com/s/M7uCl7pN9io,2021-06-17 08:14:36.141000
223,メテリオット バーズ,格安デパコス通販 - ブランドコスメ,化粧下地・BB・CCクリーム,広告,500x500,10 %,0,0%,0%,0,0,0,メテリオット バーズ/化粧品通販ブランドコスメ,<a href = 'https://mttag.com/s/xIz-9jdxHFQ' rel='nofollow'><strong>メテリオット バーズ/化粧品通販ブランドコスメ</strong></a><img src = 'https://mttag.com/banner/xIz-9jdxHFQ' width = '1' height = '1' border = '0' />,<a href='https://mttag.com/s/xIz-9jdxHFQ' rel='nofollow'><img src = 'https://mttag.com/banner/xIz-9jdxHFQ' alt = 'メテリオット バーズ' width = '500' height = '500' border = '0' /></a>,https://mttag.com/s/xIz-9jdxHFQ,2021-06-17 08:08:36.821000
224,アドバンスド ナイト リペア アイ コンセントレイト マトリックス ,格安デパコス通販 - ブランドコスメ,美容液,広告,500x500,10 %,0,18%,0%,0,0,0,アドバンスド ナイト リペア アイ コンセントレイト マトリックス /化粧品通販ブランドコスメ,<a href = 'https://mttag.com/s/nMRnkioCAt0' rel='nofollow'><strong>アドバンスド ナイト リペア アイ コンセントレイト マトリックス /化粧品通販ブランドコスメ</strong></a><img src = 'https://mttag.com/banner/nMRnkioCAt0' width = '1' height = '1' border = '0' />,<a href='https://mttag.com/s/nMRnkioCAt0' rel='nofollow'><img src = 'https://mttag.com/banner/nMRnkioCAt0' alt = 'アドバンスド ナイト リペア アイ コンセントレイト マトリックス ' width = '500' height = '500' border = '0' /></a>,https://mttag.com/s/nMRnkioCAt0,2021-06-17 08:05:35.166001
225,ラディアントタッチ,格安デパコス通販 - ブランドコスメ,コンシーラー,広告,500x500,10 %,0,10%,0%,0,0,0,ラディアントタッチ/化粧品通販ブランドコスメ,<a href = 'https://mttag.com/s/RhcuXYbvkUo' rel='nofollow'><strong>ラディアントタッチ/化粧品通販ブランドコスメ</strong></a><img src = 'https://mttag.com/banner/RhcuXYbvkUo' width = '1' height = '1' border = '0' />,<a href='https://mttag.com/s/RhcuXYbvkUo' rel='nofollow'><img src = 'https://mttag.com/banner/RhcuXYbvkUo' alt = 'ラディアントタッチ' width = '500' height = '500' border = '0' /></a>,https://mttag.com/s/RhcuXYbvkUo,2021-06-17 08:04:55.309000
226,ルージュ ヴォリュプテ シャイン,格安デパコス通販 - ブランドコスメ,リップカラー,広告,500x500,10 %,0,0%,0%,0,0,0,ルージュ ヴォリュプテ シャイン/化粧品通販ブランドコスメ,<a href = 'https://mttag.com/s/COSCk3ENe6I' rel='nofollow'><strong>ルージュ ヴォリュプテ シャイン/化粧品通販ブランドコスメ</strong></a><img src = 'https://mttag.com/banner/COSCk3ENe6I' width = '1' height = '1' border = '0' />,<a href='https://mttag.com/s/COSCk3ENe6I' rel='nofollow'><img src = 'https://mttag.com/banner/COSCk3ENe6I' alt = 'ルージュ ヴォリュプテ シャイン' width = '500' height = '500' border = '0' /></a>,https://mttag.com/s/COSCk3ENe6I,2021-06-17 08:03:10.186000
227,シークレットブライトニングパウダー,格安デパコス通販 - ブランドコスメ,ファンデーション・パウダー,広告,500x500,10 %,0,0%,0%,0,0,0,シークレットブライトニングパウダー/化粧品通販ブランドコスメ,<a href = 'https://mttag.com/s/hPpco9hIuzw' rel='nofollow'><strong>シークレットブライトニングパウダー/化粧品通販ブランドコスメ</strong></a><img src = 'https://mttag.com/banner/hPpco9hIuzw' width = '1' height = '1' border = '0' />,<a href='https://mttag.com/s/hPpco9hIuzw' rel='nofollow'><img src = 'https://mttag.com/banner/hPpco9hIuzw' alt = 'シークレットブライトニングパウダー' width = '500' height = '500' border = '0' /></a>,https://mttag.com/s/hPpco9hIuzw,2021-06-17 08:02:16.507000
228,クラリファイング ローション 2 ,格安デパコス通販 - ブランドコスメ,化粧水,広告,500x500,10 %,0,0%,0%,0,0,0,クラリファイング ローション 2 /化粧品通販ブランドコスメ,<a href = 'https://mttag.com/s/OY8ESIi1_SE' rel='nofollow'><strong>クラリファイング ローション 2 /化粧品通販ブランドコスメ</strong></a><img src = 'https://mttag.com/banner/OY8ESIi1_SE' width = '1' height = '1' border = '0' />,<a href='https://mttag.com/s/OY8ESIi1_SE' rel='nofollow'><img src = 'https://mttag.com/banner/OY8ESIi1_SE' alt = 'クラリファイング ローション 2 ' width = '500' height = '500' border = '0' /></a>,https://mttag.com/s/OY8ESIi1_SE,2021-06-17 08:00:40.723000
229,モイスチャーサージ 72,格安デパコス通販 - ブランドコスメ,乳液,広告,500x500,10 %,0,46%,0%,0,0,0,モイスチャーサージ 72/化粧品通販ブランドコスメ,<a href = 'https://mttag.com/s/4z7ftGHnQ7w' rel='nofollow'><strong>モイスチャーサージ 72/化粧品通販ブランドコスメ</strong></a><img src = 'https://mttag.com/banner/4z7ftGHnQ7w' width = '1' height = '1' border = '0' />,<a href='https://mttag.com/s/4z7ftGHnQ7w' rel='nofollow'><img src = 'https://mttag.com/banner/4z7ftGHnQ7w' alt = 'モイスチャーサージ 72' width = '500' height = '500' border = '0' /></a>,https://mttag.com/s/4z7ftGHnQ7w,2021-06-17 07:59:42.745000
230,チークポップ,格安デパコス通販 - ブランドコスメ,チーク,広告,500x500,10 %,0,10%,0%,0,0,0,チークポップ/化粧品通販ブランドコスメ,<a href = 'https://mttag.com/s/3HRMl915Wsg' rel='nofollow'><strong>チークポップ/化粧品通販ブランドコスメ</strong></a><img src = 'https://mttag.com/banner/3HRMl915Wsg' width = '1' height = '1' border = '0' />,<a href='https://mttag.com/s/3HRMl915Wsg' rel='nofollow'><img src = 'https://mttag.com/banner/3HRMl915Wsg' alt = 'チークポップ' width = '500' height = '500' border = '0' /></a>,https://mttag.com/s/3HRMl915Wsg,2021-06-17 07:56:18.701000
232,コンフォート リップオイル,格安デパコス通販 - ブランドコスメ,リップカラー,広告,500x500,10 %,0,5%,0%,0,0,0,コンフォート リップオイル/化粧品通販ブランドコスメ,<a href = 'https://mttag.com/s/SqhE1cMH0K8' rel='nofollow'><strong>コンフォート リップオイル/化粧品通販ブランドコスメ</strong></a><img src = 'https://mttag.com/banner/SqhE1cMH0K8' width = '1' height = '1' border = '0' />,<a href='https://mttag.com/s/SqhE1cMH0K8' rel='nofollow'><img src = 'https://mttag.com/banner/SqhE1cMH0K8' alt = 'コンフォート リップオイル' width = '500' height = '500' border = '0' /></a>,https://mttag.com/s/SqhE1cMH0K8,2021-06-17 06:28:54.446000
233,ミルキー ムース リップ,格安デパコス通販 - ブランドコスメ,リップカラー,広告,500x500,10 %,0,0%,0%,0,0,0,ミルキー ムース リップ/化粧品通販ブランドコスメ,<a href = 'https://mttag.com/s/e6y0ZLObo_c' rel='nofollow'><strong>ミルキー ムース リップ/化粧品通販ブランドコスメ</strong></a><img src = 'https://mttag.com/banner/e6y0ZLObo_c' width = '1' height = '1' border = '0' />,<a href='https://mttag.com/s/e6y0ZLObo_c' rel='nofollow'><img src = 'https://mttag.com/banner/e6y0ZLObo_c' alt = 'ミルキー ムース リップ' width = '500' height = '500' border = '0' /></a>,https://mttag.com/s/e6y0ZLObo_c,2021-06-17 03:50:15.372000
235,フィックス メイクアップ,格安デパコス通販 - ブランドコスメ,化粧水,広告,500x500,10 %,0,15%,0%,0,0,0,フィックス メイクアップ/化粧品通販ブランドコスメ,<a href = 'https://mttag.com/s/k2_0RSPhqws' rel='nofollow'><strong>フィックス メイクアップ/化粧品通販ブランドコスメ</strong></a><img src = 'https://mttag.com/banner/k2_0RSPhqws' width = '1' height = '1' border = '0' />,<a href='https://mttag.com/s/k2_0RSPhqws' rel='nofollow'><img src = 'https://mttag.com/banner/k2_0RSPhqws' alt = 'フィックス メイクアップ' width = '500' height = '500' border = '0' /></a>,https://mttag.com/s/k2_0RSPhqws,2021-06-17 03:47:25.283000
236,ダブル セーラム EX,格安デパコス通販 - ブランドコスメ,美容液,広告,500x500,10 %,0,0%,0%,0,0,0,ダブル セーラム EX/化粧品通販ブランドコスメ,<a href = 'https://mttag.com/s/FdE-4d2I2SU' rel='nofollow'><strong>ダブル セーラム EX/化粧品通販ブランドコスメ</strong></a><img src = 'https://mttag.com/banner/FdE-4d2I2SU' width = '1' height = '1' border = '0' />,<a href='https://mttag.com/s/FdE-4d2I2SU' rel='nofollow'><img src = 'https://mttag.com/banner/FdE-4d2I2SU' alt = 'ダブル セーラム EX' width = '500' height = '500' border = '0' /></a>,https://mttag.com/s/FdE-4d2I2SU,2021-06-17 03:28:17.629000
237,ディオール アディクト リップ マキシマイザー,格安デパコス通販 - ブランドコスメ,リップカラー,広告,500x500,10 %,0,0%,0%,0,0,0,ディオール アディクト リップ マキシマイザー/化粧品通販ブランドコスメ,<a href = 'https://mttag.com/s/E3qpbFfq4RU' rel='nofollow'><strong>ディオール アディクト リップ マキシマイザー/化粧品通販ブランドコスメ</strong></a><img src = 'https://mttag.com/banner/E3qpbFfq4RU' width = '1' height = '1' border = '0' />,<a href='https://mttag.com/s/E3qpbFfq4RU' rel='nofollow'><img src = 'https://mttag.com/banner/E3qpbFfq4RU' alt = 'ディオール アディクト リップ マキシマイザー' width = '500' height = '500' border = '0' /></a>,https://mttag.com/s/E3qpbFfq4RU,2021-06-17 03:25:22.506000
239,ルージュ ディオール クチュール カラー コンフォート & ウェア マット リップスティック,格安デパコス通販 - ブランドコスメ,リップカラー,広告,500x500,10 %,0,9%,0%,0,0,0,ルージュ ディオール クチュール カラー コンフォート & ウェア マット リップスティック/化粧品通販ブランドコスメ,<a href = 'https://mttag.com/s/GDF4M3mn7Tg' rel='nofollow'><strong>ルージュ ディオール クチュール カラー コンフォート & ウェア マット リップスティック/化粧品通販ブランドコスメ</strong></a><img src = 'https://mttag.com/banner/GDF4M3mn7Tg' width = '1' height = '1' border = '0' />,<a href='https://mttag.com/s/GDF4M3mn7Tg' rel='nofollow'><img src = 'https://mttag.com/banner/GDF4M3mn7Tg' alt = 'ルージュ ディオール クチュール カラー コンフォート & ウェア マット リップスティック' width = '500' height = '500' border = '0' /></a>,https://mttag.com/s/GDF4M3mn7Tg,2021-06-15 09:46:59.893000
240,レ キャトル オンブル,格安デパコス通販 - ブランドコスメ,アイカラー,広告,500x500,10 %,0,0%,0%,0,0,0,レ キャトル オンブル/化粧品通販ブランドコスメ,<a href = 'https://mttag.com/s/R-IQ5zUKL1g' rel='nofollow'><strong>レ キャトル オンブル/化粧品通販ブランドコスメ</strong></a><img src = 'https://mttag.com/banner/R-IQ5zUKL1g' width = '1' height = '1' border = '0' />,<a href='https://mttag.com/s/R-IQ5zUKL1g' rel='nofollow'><img src = 'https://mttag.com/banner/R-IQ5zUKL1g' alt = 'レ キャトル オンブル' width = '500' height = '500' border = '0' /></a>,https://mttag.com/s/R-IQ5zUKL1g,2021-06-15 09:35:12.044000
242,リュクス アイシャドウ,格安デパコス通販 - ブランドコスメ,アイカラー,広告,500x500,10 %,0,8%,0%,0,0,0,リュクス アイシャドウ/化粧品通販ブランドコスメ,<a href = 'https://mttag.com/s/OlrU10u8vO4' rel='nofollow'><strong>リュクス アイシャドウ/化粧品通販ブランドコスメ</strong></a><img src = 'https://mttag.com/banner/OlrU10u8vO4' width = '1' height = '1' border = '0' />,<a href='https://mttag.com/s/OlrU10u8vO4' rel='nofollow'><img src = 'https://mttag.com/banner/OlrU10u8vO4' alt = 'リュクス アイシャドウ' width = '500' height = '500' border = '0' /></a>,https://mttag.com/s/OlrU10u8vO4,2021-06-15 09:28:22.541000
243,クラッシュド リップ カラー,格安デパコス通販 - ブランドコスメ,リップカラー,広告,500x500,10 %,0,28%,0%,0,0,0,クラッシュド リップ カラー/化粧品通販ブランドコスメ,<a href = 'https://mttag.com/s/9hzqmLa18iw' rel='nofollow'><strong>クラッシュド リップ カラー/化粧品通販ブランドコスメ</strong></a><img src = 'https://mttag.com/banner/9hzqmLa18iw' width = '1' height = '1' border = '0' />,<a href='https://mttag.com/s/9hzqmLa18iw' rel='nofollow'><img src = 'https://mttag.com/banner/9hzqmLa18iw' alt = 'クラッシュド リップ カラー' width = '500' height = '500' border = '0' /></a>,https://mttag.com/s/9hzqmLa18iw,2021-06-15 09:24:37.974000
244,ハイライティング パウダー,格安デパコス通販 - ブランドコスメ,ハイライト,広告,500x500,10 %,0,0%,0%,0,0,0,ハイライティング パウダー/化粧品通販ブランドコスメ,<a href = 'https://mttag.com/s/dftMHu5D3m0' rel='nofollow'><strong>ハイライティング パウダー/化粧品通販ブランドコスメ</strong></a><img src = 'https://mttag.com/banner/dftMHu5D3m0' width = '1' height = '1' border = '0' />,<a href='https://mttag.com/s/dftMHu5D3m0' rel='nofollow'><img src = 'https://mttag.com/banner/dftMHu5D3m0' alt = 'ハイライティング パウダー' width = '500' height = '500' border = '0' /></a>,https://mttag.com/s/dftMHu5D3m0,2021-06-14 10:14:32.673000
253,300-250,ベランダや窓からの転落防止ネット(柵、網、ゲート),ベランダや窓からの転落防止柵(ネット)【おとさんゾウ】,広告,300x250,20 %,0,0%,0%,0,0,0,ベランダや窓からの転落防止柵（ネット）【おとうさんゾウ】,<a href = 'https://mttag.com/s/oxnw0mvZN6c' rel='nofollow'><strong>ベランダや窓からの転落防止柵（ネット）【おとうさんゾウ】</strong></a><img src = 'https://mttag.com/banner/oxnw0mvZN6c' width = '1' height = '1' border = '0' />,<a href='https://mttag.com/s/oxnw0mvZN6c' rel='nofollow'><img src = 'https://mttag.com/banner/oxnw0mvZN6c' alt = 'ベランダや窓からの転落防止柵（ネット）【おとうさんゾウ】' width = '300' height = '250' border = '0' /></a>,https://mttag.com/s/oxnw0mvZN6c,2021-05-25 07:32:56.187000
254,250-250,ベランダや窓からの転落防止ネット(柵、網、ゲート),ベランダや窓からの転落防止柵(ネット)【おとさんゾウ】,広告,250x250,20 %,0,0%,0%,0,0,0,ベランダや窓からの転落防止柵（ネット）【おとうさんゾウ】,<a href = 'https://mttag.com/s/k171It2ZNWw' rel='nofollow'><strong>ベランダや窓からの転落防止柵（ネット）【おとうさんゾウ】</strong></a><img src = 'https://mttag.com/banner/k171It2ZNWw' width = '1' height = '1' border = '0' />,<a href='https://mttag.com/s/k171It2ZNWw' rel='nofollow'><img src = 'https://mttag.com/banner/k171It2ZNWw' alt = 'ベランダや窓からの転落防止柵（ネット）【おとうさんゾウ】' width = '250' height = '250' border = '0' /></a>,https://mttag.com/s/k171It2ZNWw,2021-05-25 07:32:08.599000
270,ショップバナーD 300×250	,格安デパコス通販 - ブランドコスメ,ショップ,広告,300x250,10 %,0,3%,0%,0,0,0,,,<a href='https://mttag.com/s/_QjwZcwthzM' rel='nofollow'><img src = 'https://mttag.com/banner/_QjwZcwthzM' alt = '' width = '300' height = '250' border = '0' /></a>,https://mttag.com/s/_QjwZcwthzM,2021-03-17 02:54:14.084000
275,ショップバナーC 300×250,格安デパコス通販 - ブランドコスメ,ショップ,広告,300x250,10 %,0,12%,0%,0,0,0,,,<a href='https://mttag.com/s/Zm_Pkv5p53Q' rel='nofollow'><img src = 'https://mttag.com/banner/Zm_Pkv5p53Q' alt = '' width = '300' height = '250' border = '0' /></a>,https://mttag.com/s/Zm_Pkv5p53Q,2021-03-17 02:51:25.139000
280,ショップバナーB 300×250,格安デパコス通販 - ブランドコスメ,ショップ,広告,300x250,10 %,0,146%,0%,0,0,0,,,<a href='https://mttag.com/s/HE4rukwDsq0' rel='nofollow'><img src = 'https://mttag.com/banner/HE4rukwDsq0' alt = '' width = '300' height = '250' border = '0' /></a>,https://mttag.com/s/HE4rukwDsq0,2021-03-17 02:48:35.944000
285,ショップバナーA 300×250,格安デパコス通販 - ブランドコスメ,ショップ,広告,300x250,10 %,0,28%,0%,0,0,0,,,<a href='https://mttag.com/s/OqWdRLpzSPM' rel='nofollow'><img src = 'https://mttag.com/banner/OqWdRLpzSPM' alt = '' width = '300' height = '250' border = '0' /></a>,https://mttag.com/s/OqWdRLpzSPM,2021-03-17 02:43:24.473000
291,プレミアム全身脱毛「シースリー」300_250,全身脱毛専門店「シースリー」,全身脱毛専門店「シースリー」,広告,300x250,"¥21,000",0,1%,1%,0,0,0,プレミアム全身脱毛「シースリー」,<a href = 'https://mttag.com/s/RLznXxpzqUQ' rel='nofollow'><strong>プレミアム全身脱毛「シースリー」</strong></a><img src = 'https://mttag.com/banner/RLznXxpzqUQ' width = '1' height = '1' border = '0' />,<a href='https://mttag.com/s/RLznXxpzqUQ' rel='nofollow'><img src = 'https://mttag.com/banner/RLznXxpzqUQ' alt = 'プレミアム全身脱毛「シースリー」' width = '300' height = '250' border = '0' /></a>,https://mttag.com/s/RLznXxpzqUQ,2021-02-18 05:53:48.313000
297,5,4real(フィギュア専門のフリーマーケット),4real-フィギュア専門のフリーマーケット　フィギュア購入者様集客,広告,600x500,￥300,0,0%,0%,0,0,0,フィギュア専門のフリーマーケット,<a href = 'https://mttag.com/s/Rm__Wq241mw' rel='nofollow'><strong>フィギュア専門のフリーマーケット</strong></a><img src = 'https://mttag.com/banner/Rm__Wq241mw' width = '1' height = '1' border = '0' />,<a href='https://mttag.com/s/Rm__Wq241mw' rel='nofollow'><img src = 'https://mttag.com/banner/Rm__Wq241mw' alt = 'フィギュア専門のフリーマーケット' width = '600' height = '500' border = '0' /></a>,https://mttag.com/s/Rm__Wq241mw,2021-02-04 04:27:41.197000
298,4,4real(フィギュア専門のフリーマーケット),4real-フィギュア専門のフリーマーケット　フィギュア購入者様集客,広告,600x500,￥300,0,21100%,0%,0,0,0,フィギュア専門のフリーマーケット,<a href = 'https://mttag.com/s/zNIAmNJk3IM' rel='nofollow'><strong>フィギュア専門のフリーマーケット</strong></a><img src = 'https://mttag.com/banner/zNIAmNJk3IM' width = '1' height = '1' border = '0' />,<a href='https://mttag.com/s/zNIAmNJk3IM' rel='nofollow'><img src = 'https://mttag.com/banner/zNIAmNJk3IM' alt = 'フィギュア専門のフリーマーケット' width = '600' height = '500' border = '0' /></a>,https://mttag.com/s/zNIAmNJk3IM,2021-02-04 04:27:05.871000
299,3,4real(フィギュア専門のフリーマーケット),4real-フィギュア専門のフリーマーケット　フィギュア購入者様集客,広告,600x500,￥300,0,0%,0%,0,0,0,フィギュア専門のフリーマーケット,<a href = 'https://mttag.com/s/nhqcFdF_8jk' rel='nofollow'><strong>フィギュア専門のフリーマーケット</strong></a><img src = 'https://mttag.com/banner/nhqcFdF_8jk' width = '1' height = '1' border = '0' />,<a href='https://mttag.com/s/nhqcFdF_8jk' rel='nofollow'><img src = 'https://mttag.com/banner/nhqcFdF_8jk' alt = 'フィギュア専門のフリーマーケット' width = '600' height = '500' border = '0' /></a>,https://mttag.com/s/nhqcFdF_8jk,2021-02-04 04:26:18.750000
300,2,4real(フィギュア専門のフリーマーケット),4real-フィギュア専門のフリーマーケット　フィギュア購入者様集客,広告,600x500,￥300,0,0%,0%,0,0,0,フィギュア専門のフリーマーケット,<a href = 'https://mttag.com/s/yftb9LnNOLE' rel='nofollow'><strong>フィギュア専門のフリーマーケット</strong></a><img src = 'https://mttag.com/banner/yftb9LnNOLE' width = '1' height = '1' border = '0' />,<a href='https://mttag.com/s/yftb9LnNOLE' rel='nofollow'><img src = 'https://mttag.com/banner/yftb9LnNOLE' alt = 'フィギュア専門のフリーマーケット' width = '600' height = '500' border = '0' /></a>,https://mttag.com/s/yftb9LnNOLE,2021-02-04 04:25:52.588000
301,1,4real(フィギュア専門のフリーマーケット),4real-フィギュア専門のフリーマーケット　フィギュア購入者様集客,広告,600x500,￥300,0,1%,0%,0,0,0,フィギュア専門のフリーマーケット,<a href = 'https://mttag.com/s/OqOlTGFctDQ' rel='nofollow'><strong>フィギュア専門のフリーマーケット</strong></a><img src = 'https://mttag.com/banner/OqOlTGFctDQ' width = '1' height = '1' border = '0' />,<a href='https://mttag.com/s/OqOlTGFctDQ' rel='nofollow'><img src = 'https://mttag.com/banner/OqOlTGFctDQ' alt = 'フィギュア専門のフリーマーケット' width = '600' height = '500' border = '0' /></a>,https://mttag.com/s/OqOlTGFctDQ,2021-02-04 04:25:23.614000
302,SPARKバナー07(300*250),SPARK CAREER (大学生への就職活動支援サービス),キャンペーン1,広告,300x250,"¥30,000",0,0%,0%,0,0,0,プロの指導で大手企業へ内定しよう,<a href = 'https://mttag.com/s/KH76AX31lb8' rel='nofollow'><strong>プロの指導で大手企業へ内定しよう</strong></a><img src = 'https://mttag.com/banner/KH76AX31lb8' width = '1' height = '1' border = '0' />,<a href='https://mttag.com/s/KH76AX31lb8' rel='nofollow'><img src = 'https://mttag.com/banner/KH76AX31lb8' alt = '' width = '300' height = '250' border = '0' /></a>,https://mttag.com/s/KH76AX31lb8,2021-01-14 07:45:43.660000
306,SPARKバナー03(300*250),SPARK CAREER (大学生への就職活動支援サービス),キャンペーン1,広告,300x250,"¥30,000",0,0%,0%,0,0,0,プロの指導で大手企業へ内定しよう,<a href = 'https://mttag.com/s/wmeuFTnPPBU' rel='nofollow'><strong>プロの指導で大手企業へ内定しよう</strong></a><img src = 'https://mttag.com/banner/wmeuFTnPPBU' width = '1' height = '1' border = '0' />,<a href='https://mttag.com/s/wmeuFTnPPBU' rel='nofollow'><img src = 'https://mttag.com/banner/wmeuFTnPPBU' alt = '' width = '300' height = '250' border = '0' /></a>,https://mttag.com/s/wmeuFTnPPBU,2021-01-14 07:41:45.802000
372,ABCクリニック来院確認_300x250_ss3_02,男性治療専門の美容外科『ABCクリニック』,来院確認,広告,300x250,"¥12,308",0,0%,0%,0,0,0,,,<a href='https://mttag.com/s/JH6WafiJwlI' rel='nofollow'><img src = 'https://mttag.com/banner/JH6WafiJwlI' alt = '' width = '300' height = '250' border = '0' /></a>,https://mttag.com/s/JH6WafiJwlI,2020-07-13 09:38:58.382000
373,ABCクリニック来院確認_300x250_ss3_01,男性治療専門の美容外科『ABCクリニック』,来院確認,広告,300x250,"¥12,308",0,2%,0%,0,0,0,,,<a href='https://mttag.com/s/e03FrHOetJY' rel='nofollow'><img src = 'https://mttag.com/banner/e03FrHOetJY' alt = '' width = '300' height = '250' border = '0' /></a>,https://mttag.com/s/e03FrHOetJY,2020-07-13 09:38:34.815000
374,ABCクリニック来院確認_300x250_ss2_02,男性治療専門の美容外科『ABCクリニック』,来院確認,広告,300x250,"¥12,308",0,2%,0%,0,0,0,,,<a href='https://mttag.com/s/uNybm80RpBU' rel='nofollow'><img src = 'https://mttag.com/banner/uNybm80RpBU' alt = '' width = '300' height = '250' border = '0' /></a>,https://mttag.com/s/uNybm80RpBU,2020-07-13 09:38:13.123000
375,ABCクリニック来院確認_300x250_ss2_01,男性治療専門の美容外科『ABCクリニック』,来院確認,広告,300x250,"¥12,308",0,0%,0%,0,0,0,,,<a href='https://mttag.com/s/aIwzpgP3PvY' rel='nofollow'><img src = 'https://mttag.com/banner/aIwzpgP3PvY' alt = '' width = '300' height = '250' border = '0' /></a>,https://mttag.com/s/aIwzpgP3PvY,2020-07-13 09:37:50.346000
376,ABCクリニック来院確認_300x250_ss1_02,男性治療専門の美容外科『ABCクリニック』,来院確認,広告,300x250,"¥12,308",0,2%,0%,0,0,0,,,<a href='https://mttag.com/s/Bs0npiRkJvk' rel='nofollow'><img src = 'https://mttag.com/banner/Bs0npiRkJvk' alt = '' width = '300' height = '250' border = '0' /></a>,https://mttag.com/s/Bs0npiRkJvk,2020-07-13 09:37:27.856000
377,ABCクリニック来院確認_300x250_ss1_01,男性治療専門の美容外科『ABCクリニック』,来院確認,広告,300x250,"¥12,308",0,0%,0%,0,0,0,,,<a href='https://mttag.com/s/ZmkGRTTnmhY' rel='nofollow'><img src = 'https://mttag.com/banner/ZmkGRTTnmhY' alt = '' width = '300' height = '250' border = '0' /></a>,https://mttag.com/s/ZmkGRTTnmhY,2020-07-13 09:37:07.697000
399,250.250　製作費0円HP制作のご案内,無料ホームページ制作,ホームページ制作新規申込み,広告,250x250,"¥5,000",0,47%,0%,0,0,0,無料HP制作のご相談はこちらから,<a href = 'https://mttag.com/s/XBcSDv2DQsA' rel='nofollow'><strong>無料HP制作のご相談はこちらから</strong></a><img src = 'https://mttag.com/banner/XBcSDv2DQsA' width = '1' height = '1' border = '0' />,<a href='https://mttag.com/s/XBcSDv2DQsA' rel='nofollow'><img src = 'https://mttag.com/banner/XBcSDv2DQsA' alt = 'ホームページ制作' width = '250' height = '250' border = '0' /></a>,https://mttag.com/s/XBcSDv2DQsA,2020-06-16 02:59:26.221000
405,300.250　製作費0円HP制作のご案内,無料ホームページ制作,ホームページ制作新規申込み,広告,300x250,"¥5,000",0,6%,0%,0,0,0,無料HP制作のご相談はこちらから,<a href = 'https://mttag.com/s/X1mBYG-2V3M' rel='nofollow'><strong>無料HP制作のご相談はこちらから</strong></a><img src = 'https://mttag.com/banner/X1mBYG-2V3M' width = '1' height = '1' border = '0' />,<a href='https://mttag.com/s/X1mBYG-2V3M' rel='nofollow'><img src = 'https://mttag.com/banner/X1mBYG-2V3M' alt = 'ホームページ制作' width = '300' height = '250' border = '0' /></a>,https://mttag.com/s/X1mBYG-2V3M,2020-06-16 02:52:59.350000
454,毛だまトレタ_300x250,【美容院シェアNo.1】テスコム（TESCOM）オンラインショップ,テスコム商品購入完了,広告,300x250,4 %,0,264%,0%,0,0,0,,,<a href='https://mttag.com/s/8TVf1L36CwE' rel='nofollow'><img src = 'https://mttag.com/banner/8TVf1L36CwE' alt = '' width = '300' height = '250' border = '0' /></a>,https://mttag.com/s/8TVf1L36CwE,2020-04-17 07:53:33.921000
461,全自動コーヒーメーカーバナー_300x250,【美容院シェアNo.1】テスコム（TESCOM）オンラインショップ,テスコム商品購入完了,広告,300x250,4 %,0,7%,0%,0,0,0,,,<a href='https://mttag.com/s/MaKvTCb96HA' rel='nofollow'><img src = 'https://mttag.com/banner/MaKvTCb96HA' alt = '' width = '300' height = '250' border = '0' /></a>,https://mttag.com/s/MaKvTCb96HA,2020-04-17 07:48:25.485000
465,CPNコラーゲンドライヤーバナー_300x250,【美容院シェアNo.1】テスコム（TESCOM）オンラインショップ,テスコム商品購入完了,広告,300x250,4 %,0,144%,0%,0,0,0,,,<a href='https://mttag.com/s/B50Mp9gYCH8' rel='nofollow'><img src = 'https://mttag.com/banner/B50Mp9gYCH8' alt = '' width = '300' height = '250' border = '0' /></a>,https://mttag.com/s/B50Mp9gYCH8,2020-04-17 07:46:17.998000
469,Nobby by テスコム（ヘアアイロン）バナー_300x250,【美容院シェアNo.1】テスコム（TESCOM）オンラインショップ,テスコム商品購入完了,広告,300x250,4 %,0,136%,0%,0,0,0,,,<a href='https://mttag.com/s/1085iWAOcmQ' rel='nofollow'><img src = 'https://mttag.com/banner/1085iWAOcmQ' alt = '' width = '300' height = '250' border = '0' /></a>,https://mttag.com/s/1085iWAOcmQ,2020-04-17 07:43:06.870000
473,Nobby by テスコムバナー_300x250,【美容院シェアNo.1】テスコム（TESCOM）オンラインショップ,テスコム商品購入完了,広告,300x250,4 %,0,154%,0%,0,0,0,,,<a href='https://mttag.com/s/kiVn49FufvY' rel='nofollow'><img src = 'https://mttag.com/banner/kiVn49FufvY' alt = '' width = '300' height = '250' border = '0' /></a>,https://mttag.com/s/kiVn49FufvY,2020-04-17 07:41:01.724000
570,司法書士法人杉山事務所・相談申し込み300x250,司法書士法人杉山事務所,司法書士法人杉山事務所・相談申し込み完了,広告,300x250,"¥10,000",0,96%,0%,0,0,0,司法書士法人杉山事務所・相談申し込み完了,<a href = 'https://mttag.com/s/wgvJnJCn34s' rel='nofollow'><strong>司法書士法人杉山事務所・相談申し込み完了</strong></a><img src = 'https://mttag.com/banner/wgvJnJCn34s' width = '1' height = '1' border = '0' />,<a href='https://mttag.com/s/wgvJnJCn34s' rel='nofollow'><img src = 'https://mttag.com/banner/wgvJnJCn34s' alt = '' width = '300' height = '250' border = '0' /></a>,https://mttag.com/s/wgvJnJCn34s,2019-10-24 09:34:51.493000
574,司法書士法人杉山事務所・相談申し込み完了500x500,司法書士法人杉山事務所,司法書士法人杉山事務所・相談申し込み完了,広告,500x500,"¥10,000",0,12%,0%,0,0,0,司法書士法人杉山事務所・相談申し込み完了,<a href = 'https://mttag.com/s/0L2kFkIGz08' rel='nofollow'><strong>司法書士法人杉山事務所・相談申し込み完了</strong></a><img src = 'https://mttag.com/banner/0L2kFkIGz08' width = '1' height = '1' border = '0' />,<a href='https://mttag.com/s/0L2kFkIGz08' rel='nofollow'><img src = 'https://mttag.com/banner/0L2kFkIGz08' alt = '' width = '500' height = '500' border = '0' /></a>,https://mttag.com/s/0L2kFkIGz08,2019-10-24 09:32:25.529999
576,司法書士法人杉山事務所・相談申し込み完了200x200,司法書士法人杉山事務所,司法書士法人杉山事務所・相談申し込み完了,広告,200x200,"¥10,000",0,13%,0%,0,0,0,司法書士法人杉山事務所・相談申し込み完了,<a href = 'https://mttag.com/s/LLL8hbo9ZnQ' rel='nofollow'><strong>司法書士法人杉山事務所・相談申し込み完了</strong></a><img src = 'https://mttag.com/banner/LLL8hbo9ZnQ' width = '1' height = '1' border = '0' />,<a href='https://mttag.com/s/LLL8hbo9ZnQ' rel='nofollow'><img src = 'https://mttag.com/banner/LLL8hbo9ZnQ' alt = '' width = '200' height = '200' border = '0' /></a>,https://mttag.com/s/LLL8hbo9ZnQ,2019-10-24 09:31:22.057000
582,03_600×500,mitas - 温活もできる葉酸サプリ,mitas,広告,600x500,￥3000,0,5349%,0%,0,0,0,史上初！温活もできる葉酸サプリmitas,<a href = 'https://mttag.com/s/SMW8C_jTgys' rel='nofollow'><strong>史上初！温活もできる葉酸サプリmitas</strong></a><img src = 'https://mttag.com/banner/SMW8C_jTgys' width = '1' height = '1' border = '0' />,<a href='https://mttag.com/s/SMW8C_jTgys' rel='nofollow'><img src = 'https://mttag.com/banner/SMW8C_jTgys' alt = '史上初！温活もできる葉酸サプリmitas' width = '600' height = '500' border = '0' /></a>,https://mttag.com/s/SMW8C_jTgys,2019-10-22 05:22:07.016000
583,02_600×500,mitas - 温活もできる葉酸サプリ,mitas,広告,600x500,￥3000,0,388%,0%,0,0,0,史上初！温活もできる葉酸サプリmitas,<a href = 'https://mttag.com/s/MlW6jcC__1k' rel='nofollow'><strong>史上初！温活もできる葉酸サプリmitas</strong></a><img src = 'https://mttag.com/banner/MlW6jcC__1k' width = '1' height = '1' border = '0' />,<a href='https://mttag.com/s/MlW6jcC__1k' rel='nofollow'><img src = 'https://mttag.com/banner/MlW6jcC__1k' alt = '史上初！温活もできる葉酸サプリmitas' width = '600' height = '500' border = '0' /></a>,https://mttag.com/s/MlW6jcC__1k,2019-10-22 05:21:46.332000
586,01_600×500,mitas - 温活もできる葉酸サプリ,mitas,広告,600x500,￥3000,0,2475%,0%,0,0,0,史上初！温活もできる葉酸サプリmitas,<a href = 'https://mttag.com/s/GMp-dxvR_5g' rel='nofollow'><strong>史上初！温活もできる葉酸サプリmitas</strong></a><img src = 'https://mttag.com/banner/GMp-dxvR_5g' width = '1' height = '1' border = '0' />,<a href='https://mttag.com/s/GMp-dxvR_5g' rel='nofollow'><img src = 'https://mttag.com/banner/GMp-dxvR_5g' alt = '史上初！温活もできる葉酸サプリmitas' width = '600' height = '500' border = '0' /></a>,https://mttag.com/s/GMp-dxvR_5g,2019-10-22 05:20:33.537000
588,01_250×250,mitas - 温活もできる葉酸サプリ,mitas,広告,250x250,￥3000,0,42%,0%,0,0,0,史上初！温活もできる葉酸サプリmitas,<a href = 'https://mttag.com/s/e1R-2vX3zxM' rel='nofollow'><strong>史上初！温活もできる葉酸サプリmitas</strong></a><img src = 'https://mttag.com/banner/e1R-2vX3zxM' width = '1' height = '1' border = '0' />,<a href='https://mttag.com/s/e1R-2vX3zxM' rel='nofollow'><img src = 'https://mttag.com/banner/e1R-2vX3zxM' alt = '史上初！温活もできる葉酸サプリmitas' width = '250' height = '250' border = '0' /></a>,https://mttag.com/s/e1R-2vX3zxM,2019-10-22 05:19:03.893000
590,01_200×200,mitas - 温活もできる葉酸サプリ,mitas,広告,200x200,￥3000,0,8%,0%,0,0,0,史上初！温活もできる葉酸サプリmitas,<a href = 'https://mttag.com/s/3di85gOrYn4' rel='nofollow'><strong>史上初！温活もできる葉酸サプリmitas</strong></a><img src = 'https://mttag.com/banner/3di85gOrYn4' width = '1' height = '1' border = '0' />,<a href='https://mttag.com/s/3di85gOrYn4' rel='nofollow'><img src = 'https://mttag.com/banner/3di85gOrYn4' alt = '史上初！温活もできる葉酸サプリmitas' width = '200' height = '200' border = '0' /></a>,https://mttag.com/s/3di85gOrYn4,2019-10-22 05:18:19.095000
601,kaguya-bnr-300x250,エンジニア転職支援サービス Kaguya,エンジニア転職支援サービス【Kaguya】無料会員登録,広告,300x250,"¥8,000",0,1%,0%,0,0,0,エンジニアの転職ならKaguya,<a href = 'https://mttag.com/s/wTaimhUloQk' rel='nofollow'><strong>エンジニアの転職ならKaguya</strong></a><img src = 'https://mttag.com/banner/wTaimhUloQk' width = '1' height = '1' border = '0' />,<a href='https://mttag.com/s/wTaimhUloQk' rel='nofollow'><img src = 'https://mttag.com/banner/wTaimhUloQk' alt = '' width = '300' height = '250' border = '0' /></a>,https://mttag.com/s/wTaimhUloQk,2019-10-01 04:02:37.254000
604,samurai-bnr-300x250,グローバル・外資系・ハイクラス転職支援サービス Samurai Job,グローバル・外資系・ハイクラスの転職支援サービス【Samurai Job】無料会員登録,広告,300x250,"¥8,000",0,0%,0%,0,0,0,ハイクラス転職ならSamurai Job,<a href = 'https://mttag.com/s/A9KR0vklPIs' rel='nofollow'><strong>ハイクラス転職ならSamurai Job</strong></a><img src = 'https://mttag.com/banner/A9KR0vklPIs' width = '1' height = '1' border = '0' />,<a href='https://mttag.com/s/A9KR0vklPIs' rel='nofollow'><img src = 'https://mttag.com/banner/A9KR0vklPIs' alt = '' width = '300' height = '250' border = '0' /></a>,https://mttag.com/s/A9KR0vklPIs,2019-10-01 03:59:56.829000
654,解体300,内装工事サポート,解体,広告,300x200,"¥1,000",0,17%,0%,0,0,0,解体　300×200,<a href = 'https://mttag.com/s/mgHd4c_vr-c' rel='nofollow'><strong>解体　300×200</strong></a><img src = 'https://mttag.com/banner/mgHd4c_vr-c' width = '1' height = '1' border = '0' />,<a href='https://mttag.com/s/mgHd4c_vr-c' rel='nofollow'><img src = 'https://mttag.com/banner/mgHd4c_vr-c' alt = '' width = '300' height = '200' border = '0' /></a>,https://mttag.com/s/mgHd4c_vr-c,2018-11-11 03:50:50.202000
655,300,内装工事サポート,解体,広告,300x200,"¥1,000",0,50%,0%,0,0,0,解体　300×200,<a href = 'https://mttag.com/s/z1WsXnW1OKY' rel='nofollow'><strong>解体　300×200</strong></a><img src = 'https://mttag.com/banner/z1WsXnW1OKY' width = '1' height = '1' border = '0' />,<a href='https://mttag.com/s/z1WsXnW1OKY' rel='nofollow'><img src = 'https://mttag.com/banner/z1WsXnW1OKY' alt = '' width = '300' height = '200' border = '0' /></a>,https://mttag.com/s/z1WsXnW1OKY,2018-11-11 03:50:04.094000
658,内装工事　300x200_1,内装工事サポート,内装工事サポートお申込み,広告,300x200,"¥1,000",0,2982%,0%,0,0,0,内装工事サポート,<a href = 'https://mttag.com/s/pJ0EdpUEe3k' rel='nofollow'><strong>内装工事サポート</strong></a><img src = 'https://mttag.com/banner/pJ0EdpUEe3k' width = '1' height = '1' border = '0' />,<a href='https://mttag.com/s/pJ0EdpUEe3k' rel='nofollow'><img src = 'https://mttag.com/banner/pJ0EdpUEe3k' alt = '内装工事サポート' width = '300' height = '200' border = '0' /></a>,https://mttag.com/s/pJ0EdpUEe3k,2018-11-05 12:24:20.180000
659,内装工事　300x200_2,内装工事サポート,内装工事サポートお申込み,広告,300x200,"¥1,000",0,125%,1%,0,0,0,内装工事サポート,<a href = 'https://mttag.com/s/CSmnteS-LWg' rel='nofollow'><strong>内装工事サポート</strong></a><img src = 'https://mttag.com/banner/CSmnteS-LWg' width = '1' height = '1' border = '0' />,<a href='https://mttag.com/s/CSmnteS-LWg' rel='nofollow'><img src = 'https://mttag.com/banner/CSmnteS-LWg' alt = '内装工事サポート' width = '300' height = '200' border = '0' /></a>,https://mttag.com/s/CSmnteS-LWg,2018-11-05 12:23:34.242000
665,GLOBAL CROWN_300_250_001,子ども専用オンライン英会話「GLOBAL CROWN（グローバルクラウン）」,GLOBAL CROWN 無料体験申し込み,広告,300x250,"¥3,000",0,98%,0%,0,0,0,体験レッスンお申込みはこちら,<a href = 'https://mttag.com/s/h7YJKyOv0Dc' rel='nofollow'><strong>体験レッスンお申込みはこちら</strong></a><img src = 'https://mttag.com/banner/h7YJKyOv0Dc' width = '1' height = '1' border = '0' />,<a href='https://mttag.com/s/h7YJKyOv0Dc' rel='nofollow'><img src = 'https://mttag.com/banner/h7YJKyOv0Dc' alt = 'GLOBAL CROWN体験レッスン2回無料' width = '300' height = '250' border = '0' /></a>,https://mttag.com/s/h7YJKyOv0Dc,2018-10-25 08:52:53.850000
680,玄米麹スムージー 300x250,玄米麹スムージー（くらしいきいき株式会社）,管理栄養士が作ったダイエットスムージー『玄米麹スムージー』,広告,300x250,"¥2,000",0,1%,0%,0,0,0,置き換えダイエットには、玄米麹スムージー,<a href = 'https://mttag.com/s/rRbTSgGSLvE' rel='nofollow'><strong>置き換えダイエットには、玄米麹スムージー</strong></a><img src = 'https://mttag.com/banner/rRbTSgGSLvE' width = '1' height = '1' border = '0' />,<a href='https://mttag.com/s/rRbTSgGSLvE' rel='nofollow'><img src = 'https://mttag.com/banner/rRbTSgGSLvE' alt = '置き換えダイエットには、玄米麹スムージー' width = '300' height = '250' border = '0' /></a>,https://mttag.com/s/rRbTSgGSLvE,2018-08-10 05:11:47.496999
718,アフィリエイター募集ver6(300x250),マネートラック,アフィリエイター登録,広告,300x250,¥300,0,4%,0%,0,0,0,マネートラックに無料登録,<a href = 'https://mttag.com/s/vNN_FbzPXUY' rel='nofollow'><strong>マネートラックに無料登録</strong></a><img src = 'https://mttag.com/banner/GhMW6Y0INBo' width = '1' height = '1' border = '0' />,<a href='https://mttag.com/s/sj7F3jNjq10' rel='nofollow'><img src = 'https://mttag.com/banner/cLBdMgvXOwQ' alt = 'アフィリエイトASPのマネートラック' width = '300' height = '250' border = '0' /></a>,https://mttag.com/s/DnJND-shj0o,2017-12-21 07:30:27.723000
719,アフィリエイター募集ver6(250x250),マネートラック,アフィリエイター登録,広告,250x250,¥300,0,47%,0%,0,0,0,マネートラックでアフィリエイト,<a href = 'https://mttag.com/s/MDwQvPfqg4Q' rel='nofollow'><strong>マネートラックでアフィリエイト</strong></a><img src = 'https://mttag.com/banner/KxQ0v0GrJ_g' width = '1' height = '1' border = '0' />,<a href='https://mttag.com/s/RmlUqpUkF80' rel='nofollow'><img src = 'https://mttag.com/banner/vQFqxNXfK5c' alt = 'アフィリエイトASPのマネートラック' width = '250' height = '250' border = '0' /></a>,https://mttag.com/s/Ixjk5okAThA,2017-12-21 07:29:42.069000
720,アフィリエイター募集ver6(200x200),マネートラック,リンクビルダー,広告,200x200,￥300,0,304%,0%,0,0,0,今なら審査なしで登録できる！,<a href = 'https://mttag.com/s/kfkTn_jDVHg' rel='nofollow'><strong>今なら審査なしで登録できる！</strong></a><img src = 'https://mttag.com/banner/1NOLnkiYJik' width = '1' height = '1' border = '0' />,<a href='https://mttag.com/s/91eXtajZesc' rel='nofollow'><img src = 'https://mttag.com/banner/GFuGrMU4yBI' alt = 'アフィリエイトASPのマネートラック' width = '200' height = '200' border = '0' /></a>,https://mttag.com/s/HviLena7XHw,2017-12-21 07:26:04.317000
740,MEO SUPPORT バナー300×250,実店舗向けWEBプロモーションのMEO対策【MEO SUPPORT】,MEO SUPPORT 無料診断申し込み獲得プログラム,広告,300x250,¥500,0,180%,0%,0,0,0,,,<a href='https://mttag.com/s/MiqxteeCj_w' rel='nofollow'><img src = 'https://mttag.com/banner/MiqxteeCj_w' alt = 'meosupport' width = '300' height = '250' border = '0' /></a>,https://mttag.com/s/MiqxteeCj_w,2017-10-12 10:31:17.661000
751,ベルブランバナー　300×250 3b,ニキビ跡のシミケアブースター美白美容液【ベルブラン】,ベルブラン,広告,300x250,￥3024,0,12%,0%,0,0,0,,,<a href='https://mttag.com/s/L4w4s-Jtwwg' rel='nofollow'><img src = 'https://mttag.com/banner/L4w4s-Jtwwg' alt = 'ニキビ跡をブースター美白ケア　初回2280円で試す' width = '300' height = '250' border = '0' /></a>,https://mttag.com/s/L4w4s-Jtwwg,2017-08-23 06:43:36.046001
752,ベルブランバナー　300×250 2b,ニキビ跡のシミケアブースター美白美容液【ベルブラン】,ベルブラン,広告,300x250,￥3024,0,19%,0%,0,0,0,,,<a href='https://mttag.com/s/tTO0TbjYuAE' rel='nofollow'><img src = 'https://mttag.com/banner/tTO0TbjYuAE' alt = 'ニキビ跡をブースター美白ケア　初回2280円で試す' width = '300' height = '250' border = '0' /></a>,https://mttag.com/s/tTO0TbjYuAE,2017-08-23 06:42:58.012000
753,ベルブランバナー　300×250　1b,ニキビ跡のシミケアブースター美白美容液【ベルブラン】,ベルブラン,広告,300x250,￥3024,0,0%,0%,0,0,0,,,<a href='https://mttag.com/s/YkfpPvSdvdQ' rel='nofollow'><img src = 'https://mttag.com/banner/YkfpPvSdvdQ' alt = 'ニキビ跡をブースター美白ケア　初回2280円で試す' width = '300' height = '250' border = '0' /></a>,https://mttag.com/s/YkfpPvSdvdQ,2017-08-23 06:42:29.183000
754,ベルブランバナー　300×250　3,ニキビ跡のシミケアブースター美白美容液【ベルブラン】,ベルブラン,広告,300x250,￥3024,0,27%,0%,0,0,0,,,<a href='https://mttag.com/s/XuYA9pBEhtU' rel='nofollow'><img src = 'https://mttag.com/banner/XuYA9pBEhtU' alt = 'ニキビ跡のそのシミ　ブースター美白ケア　14日間お試し' width = '300' height = '250' border = '0' /></a>,https://mttag.com/s/XuYA9pBEhtU,2017-08-23 06:41:49.280000
755,ベルブランバナー　300×250　2,ニキビ跡のシミケアブースター美白美容液【ベルブラン】,ベルブラン,広告,300x250,￥3024,0,50%,0%,0,0,0,,,<a href='https://mttag.com/s/a18lNSqbsxc' rel='nofollow'><img src = 'https://mttag.com/banner/a18lNSqbsxc' alt = 'ニキビ跡のそのシミ　ブースター美白ケア　14日間お試し' width = '300' height = '250' border = '0' /></a>,https://mttag.com/s/a18lNSqbsxc,2017-08-23 06:41:00.769000
756,ベルブランバナー　300×250,ニキビ跡のシミケアブースター美白美容液【ベルブラン】,ベルブラン,広告,300x250,￥3024,0,432%,0%,0,0,0,,,<a href='https://mttag.com/s/-R9-OUmWLkI' rel='nofollow'><img src = 'https://mttag.com/banner/-R9-OUmWLkI' alt = 'ニキビ跡のそのシミ　ブースター美白ケア　14日間お試し' width = '300' height = '250' border = '0' /></a>,https://mttag.com/s/-R9-OUmWLkI,2017-08-23 06:40:03.182000
772,アフィリエイター募集ver4(300x250),マネートラック,アフィリエイター登録,広告,300x250,¥300,0,1%,0%,0,0,0,マネートラックに無料登録,<a href = 'https://mttag.com/s/-l-f7Kk0uFo' rel='nofollow'><strong>マネートラックに無料登録</strong></a><img src = 'https://mttag.com/banner/SSA49b3ibY8' width = '1' height = '1' border = '0' />,<a href='https://mttag.com/s/_9cK-TK_I-w' rel='nofollow'><img src = 'https://mttag.com/banner/pKpsCoOlq-8' alt = 'アフィリエイトASPのマネートラック' width = '300' height = '250' border = '0' /></a>,https://mttag.com/s/oGulHxW8uTs,2017-05-08 08:48:07.441000
788,マネートラック広告主募集(300px x 250px),マネートラック,広告主登録,広告,300x250,"¥10,000",0,0%,0%,0,0,0,,,<a href='https://mttag.com/s/FXMuwV2KhT8' rel='nofollow'><img src = 'https://mttag.com/banner/Vr8aiX8aNKk' alt = 'アフィリエイトASPマネートラック' width = '300' height = '250' border = '0' /></a>,https://mttag.com/s/MCkG7Y-LpAU,2016-09-21 04:19:56.958000
791,マネートラック広告主募集(200px x 200px),マネートラック,広告主登録,広告,200x200,"¥10,000",0,18%,0%,0,0,0,,,<a href='https://mttag.com/s/jl8suFtoBN8' rel='nofollow'><img src = 'https://mttag.com/banner/c38HC2YwPRI' alt = 'アフィリエイトASPマネートラック' width = '200' height = '200' border = '0' /></a>,https://mttag.com/s/4TS7fcWgjm4,2016-09-21 04:14:12.231000
792,マネートラック広告主募集(250px x 250px),マネートラック,広告主登録,広告,250x250,"¥10,000",0,4%,0%,0,0,0,,,<a href='https://mttag.com/s/TqNTaoMiJUQ' rel='nofollow'><img src = 'https://mttag.com/banner/_DjFuOUavoA' alt = 'アフィリエイトASPマネートラック' width = '250' height = '250' border = '0' /></a>,https://mttag.com/s/uP8dtDkcEr8,2016-09-21 04:11:34.255000
797,アフィリエイター募集（300x250）,マネートラック,アフィリエイター登録,広告,300x250,¥300,0,1%,0%,0,0,0,マネートラックでアフィリエイト,<a href = 'https://mttag.com/s/V9cdj_h5Yy0' rel='nofollow'><strong>マネートラックでアフィリエイト</strong></a><img src = 'https://mttag.com/banner/eWld_flqAN4' width = '1' height = '1' border = '0' />,"<a href= 'https://www.monetrack.com/?parent_id=5efb2483d0106d47e13e4317&mttoken=YGOlaga-dl0' rel='nofollow'><img src = 'https://mttag.com/banner/YGOlaga-dl0', alt = '', width = '300', height = '250', border = '0' /></a>",https://mttag.com/s/Toai7QPpjoM,2016-04-08 11:01:48.561000
798,アフィリエイター募集（250x250）,マネートラック,アフィリエイター登録,広告,250x250,¥300,0,90%,0%,0,0,0,マネートラックでアフィリエイト,<a href = 'https://mttag.com/s/p2a67Aga2nw' rel='nofollow'><strong>マネートラックでアフィリエイト</strong></a><img src = 'https://mttag.com/banner/KAElGxymcQk' width = '1' height = '1' border = '0' />,"<a href= 'https://www.monetrack.com/?parent_id=5efb2483d0106d47e13e4317&mttoken=jRnyozWi48Q' rel='nofollow'><img src = 'https://mttag.com/banner/jRnyozWi48Q', alt = '', width = '250', height = '250', border = '0' /></a>",https://mttag.com/s/n0ghJqYQ9P4,2016-04-08 11:01:44.590000
799,アフィリエイター募集（200x200）,マネートラック,アフィリエイター登録,広告,200x200,¥300,0,36%,0%,0,0,0,マネートラックでアフィリエイト,<a href = 'https://mttag.com/s/ZM4RJk1khc8' rel='nofollow'><strong>マネートラックでアフィリエイト</strong></a><img src = 'https://mttag.com/banner/U_eazt6_Iq8' width = '1' height = '1' border = '0' />,"<a href= 'https://www.monetrack.com/?parent_id=5efb2483d0106d47e13e4317&mttoken=N4maP6jn6kA' rel='nofollow'><img src = 'https://mttag.com/banner/N4maP6jn6kA', alt = '', width = '200', height = '200', border = '0' /></a>",https://mttag.com/s/1FrEs6SLuPk,2016-04-08 11:01:40.732000
